,x1_Search-Ads,x2_Brand-Search,x3_TV,x4_Video,x5_Social-Media,x6_Display-Ads,x7_Ghost-A,x8_Ghost-B,y
x1_Search-Ads,0.0,0.0,0.0,0.0,0.0,0.0,0.0,0.0,1.0
x2_Brand-Search,0.0,0.0,0.0,0.0,0.0,0.0,0.0,0.0,1.0
x3_TV,1.0,0.0,0.0,0.0,0.0,0.0,0.0,0.0,1.0
x4_Video,0.0,0.0,0.0,0.0,1.0,0.0,0.0,0.0,1.0
x5_Social-Media,0.0,1.0,0.0,0.0,0.0,0.0,0.0,0.0,1.0
x6_Display-Ads,0.0,0.0,0.0,0.0,0.0,0.0,0.0,0.0,1.0
x7_Ghost-A,0.0,0.0,0.0,0.0,0.0,0.0,0.0,0.0,0.0
x8_Ghost-B,0.0,0.0,0.0,0.0,0.0,0.0,0.0,0.0,0.0
y,0.0,0.0,0.0,0.0,0.0,0.0,0.0,0.0,0.0
