x10_Native-Ads,x11_Paid-Search,x12_Brand-Search,x13_Shopping-Ads,x14_Retargeting,x15_Affiliate,x16_CTV,x17_Streaming-Audio,x18_Influencer,x19_Email,x1_TV,x20_Push-Notif,x21_Ghost-A,x22_Ghost-B,x2_OOH,x3_Radio,x4_Podcast,x5_Video,x6_Social-Paid,x7_Social-Organic,x8_Display,x9_Programmatic,c1,c10,c2,c3,c4,c5,c6,c7,c8,c9,y
39.94610467099935,441.2643407795243,0.0,42.1161684352487,1760.5951631147016,137.21907153180572,0.0,0.0,1447.1660891814652,3.3375244173182623,0.0,0.0,0.0,1473.7594201841619,7.378639255911746,0.0,38.945402332609525,0.0,0.0,91.15192424629548,0.0,2102.602200831673,0.0,0.0,0.0,0.0,23.981611997691434,0.0,0.0,0.0,0.0,0.0,153752.8230120103
0.0,5.474343923453975,0.0,0.0,1318.7877313446702,0.0,392.3816433811916,142.35096715363116,1027.7105655233524,9.583604757066315,4.00351252126548,396.79398817219595,0.0,1634.4909177520065,0.0,0.0,0.0,68.1131640263068,0.0,0.0,0.0,2523.534222567734,0.1326107887315362,0.0,0.0,0.0,0.0,0.027562777773583753,0.0,0.0,0.0,0.0,175276.0890302771
0.0,0.0,22.102871804897806,0.0,2081.564042070947,0.0,537.6522136140238,0.0,1772.2287953317123,3.9964836664912906,0.0,459.80212004800694,0.0,1459.8703047635265,0.0,0.0,51.30124302495537,217.14316925026296,1.1759004675773075,12.260369524735225,0.0,0.0,0.0,0.0,0.0,0.0,25.200021264867352,0.07569956990577639,0.00017106793467672418,0.0,0.0,0.0,185488.06992533314
0.0,815.5438728003669,2.017240417328408,0.0,1507.6256816505975,0.0,904.3028435114182,101.69641765044294,1114.8789515226167,5.117081955565502,0.0,397.64330632419734,0.0,1659.3378346375093,0.0,0.0,66.74732724619281,0.0,2.427599918217409,44.1310263310507,0.0,2851.7229977444504,0.0,0.0,0.0,0.0,25.72253971405031,0.0,0.001139467181210963,0.0,0.0,0.21371715534392438,198030.16114156359
226.4389076334699,304.6452596006869,0.6198056974965868,5.1667291193783935,1819.660593480839,368.6035295913798,1668.9870890646012,303.6030829362031,1687.554146269187,0.0,4.140770337978421,427.42054664411654,0.0,1483.3475974017915,0.0,2.061133582921407,79.00900076911336,139.80872588861536,0.0,17.936667119800905,2758.2253087124955,2743.80134641565,2.8185395953947707,0.0,0.0,0.3063691308672483,20.41870107503982,0.025592662266633676,0.0,0.0,0.0,0.21418517895293893,230330.66166316508
0.0,478.9127176138519,0.371883418497952,17.666083531942416,1717.8892685153482,341.10416500633113,924.7346640431791,0.0,1436.0243546745637,2.4232011539262346,0.0,429.2731523992137,0.0,1183.5908362321345,0.0,0.0,638.8750282349268,0.0,0.0,32.323202517379904,2030.6618081505394,1610.8083078198918,0.0,0.0,1.7191428350550408,1.2939571443028375,75.32246675777483,0.0,0.0010510404488328492,0.0,0.0,0.0,235261.1117598556
139.92799766951038,286.8704481178437,0.22313005109877118,0.0,1430.2954225401522,169.7250175700113,1751.4793321910681,133.81371933524264,0.0,0.0,0.0,423.9616139601682,0.0,0.0,0.0,0.0,609.049162809149,723.525427040638,0.0,12.923318760280038,1937.877047850772,1447.6766830486176,0.0,0.0,0.33865679240943836,0.0,0.0,0.0,0.0,0.0,0.0,0.0,229707.29324236637
96.75240120652171,418.2209049835294,0.1338780306592627,0.0,0.0,355.9841273066456,565.065168377677,0.0,881.9139464341893,0.0,0.0,406.75059046079235,0.0,1660.2353165850486,0.0,0.0,742.6574631645396,280.0629703096577,0.0,135.4018175850917,2318.630902520288,2867.473581646934,0.0,0.712878513053941,0.0,4.476525986493193,0.0,0.0,0.0,0.0,0.0,0.0,228691.36022376415
353.5611451712472,877.1734614455572,0.08032681839555762,0.0,1352.3024652507038,226.05454098942226,378.8839996724275,0.0,1133.7251641501462,0.0,0.0,0.0,0.0,1764.5011710382203,0.0,0.0,605.617213317438,399.1832213248143,0.0,104.57133131455775,2575.762469886041,2017.6028442179077,0.0,1.2691475491660122,0.0,4.440353150988874,0.0,0.0,0.0,0.0,1.7926415218567948,0.0,229178.72702296212
464.7654662513235,380.2405686678672,0.04819609103733457,0.0,1954.1722604980089,232.3497065666307,0.0,2.8226385434411347,1365.554589610409,0.0,0.0,439.9148103283883,0.0,1579.98544343297,0.0,0.0,418.5980082828148,0.0,0.0,113.68125673296362,2484.32598129476,1730.1027522473157,0.0,1.1763199671722375,0.0,4.1220779331768,0.0,0.0,0.0,1.4807128215378849,2.056017543964169,0.0,224059.20159394626
592.0524583598605,1058.900468818983,0.028917654622400743,0.0,1290.8054860098173,346.78179581294813,77.62191954386932,0.0,1401.148437351628,0.0,0.0,453.79646231913034,0.0,1245.0372756911352,0.0,0.0,234.57250225709743,0.0,0.0,45.47241322222133,0.0,0.0,0.0,0.0,1.3573917535148903,3.6539598519052716,0.0,0.0,0.0,0.3788060654792732,0.0,0.0,218944.55882007733
469.2438373056074,106.28937368513489,0.017350592773440445,0.0,2125.6308730366745,134.36665977468772,598.6855895713886,0.0,0.0,0.0,0.0,474.21004968591745,0.0,1908.574796009636,0.0,0.0,575.991028984573,1260.9739099328026,0.0,18.18893397405109,2153.548947032042,1969.2819231551055,7.185814377658131,0.0,1.1324034101090956,4.79575400324987,0.0,0.0,0.0,0.154116833140736,0.0,0.0,224805.72137053724
542.4950212933086,360.1005850920167,0.010410355664064267,0.0,2151.917385165261,69.40656102208341,51.716062259412105,0.0,1116.3724438853665,0.0,0.0,456.29804174705873,0.0,1277.8170173878382,0.0,0.0,66.31624251656311,977.8909418247912,0.0,234.2508664173318,2683.489196905175,1874.0153092201913,6.655922230832707,0.0,2.2223761800365907,7.884148884090824,0.0,0.0,0.0,1.0762951477206009,0.0,0.0,228166.77845034748
785.6927313307913,342.53274156270663,0.0062462133984385595,0.0,1030.512279642613,227.68817805874522,500.853315272302,152.84394754454453,1582.6458832924186,0.0,0.0,406.13561426007567,32.41025773716222,1636.1177242396307,0.0,0.0,0.0,1026.962382221127,0.0,269.72071225932757,1613.4361107119446,2190.5195707600624,3.790773871901246,0.0,0.8165352939756941,5.675073687454476,0.0,0.0,0.0,1.6877258557161874,0.0,0.0,233631.46366170145
607.0885630721425,1142.3446666980094,0.0037477280390631356,0.0,0.0,150.14848215222275,444.0479154384809,0.0,0.0,0.0,0.0,373.06666697655754,13.06461746358895,0.0,0.0,0.0,369.9474545962836,769.3700801491296,0.0,292.74151236091024,2246.8211938314485,1671.6001892268541,14.074596140091392,1.1738435441482644,0.9006964465842987,1.2685634643938193,0.0,0.0,0.0,0.0,0.0,0.0,236889.7220568639
832.6334148440725,1711.485293163228,0.0022486368234378813,0.0,2349.042172688394,112.38879788864011,651.5631431726435,41.20404297207703,0.0,0.0,0.0,425.80140174264596,33.25776452601901,0.0,0.0,0.0,208.86625281269096,134.52600710146154,0.0,255.58321890128914,3113.8267561058656,1692.0704439701015,5.8936564589656655,0.403758212710824,0.0,3.60959106350398,0.0,0.0,0.0,0.0,0.0,0.0,240632.78898499536
848.1962301128508,1100.5811719710916,0.0013491820940627287,0.0,1341.5015139347618,250.3898061953531,390.26788103623693,62.78335157919331,0.0,0.0,0.0,0.0,0.0,1195.8067242386617,13.770459895872916,0.0,389.5690794626026,1063.0800449848007,0.0,126.44796867430735,3177.434650648378,1523.8429783363779,4.800055571073773,1.1661798194396604,0.0,0.0,0.0,0.0,0.0,0.0,0.0,0.0,243428.17891270944
858.0497597218015,1749.6006808864295,0.0008095092564376372,0.0,0.0,326.6440327218813,1167.1944849222778,110.36568161923681,1646.4873390144733,0.0,0.0,409.88944913476627,20.605331951646697,1478.2460472100508,66.65863732866079,0.0,748.7847926094953,1602.500544842009,12.14496768914453,245.69863774468175,2422.8358810373497,1957.8410706226105,0.0,1.7710301532937303,0.0,0.0,0.0,0.0,0.0,0.0,0.0,0.0,272376.8383254812
1110.7797983397372,2295.0183825263557,8.958948549960656,0.0,1486.4084295681691,0.0,447.64664428620216,0.0,1192.81511454911,0.0,0.0,327.96200611368846,46.15723672851665,1851.8727110793552,101.51095097788672,0.0,356.2639266860635,1520.3160004652925,42.5873746125375,393.69376368298174,2130.196593200453,1845.7153658719983,0.0,1.4052644873052464,0.0,0.0,0.0,0.0,0.0,0.0,0.0,0.0,286568.7673875415
805.1896379972202,1395.527163875955,48.25784073723309,26.33570291778599,1835.763726442634,193.5700447279719,246.42041958829137,0.0,0.0,0.7113181233877538,53.33480576848035,386.4194075153755,27.82019901008856,1193.8172398134866,110.52308892948734,20.402077230612274,578.2187363296779,2029.1605239102055,71.57023456088004,524.8171159392175,0.0,0.0,3.8997391011908835,0.0,0.0,3.4713789876785026,11.70222798036734,0.028702949578318662,0.00024441024533152807,0.0,0.0,0.011250913123048042,332394.6118660291
165.64937881063148,1313.035853459379,132.83863663622208,19.472493070598027,1399.411570120553,0.0,0.0,18.609166040487196,0.0,2.2620037727075215,0.0,0.0,129.54050659230722,0.0,134.81183624300843,0.0,568.1141761725215,825.4787618451974,0.0,767.1912353250185,2020.4109032503743,1969.0770185816596,0.0,0.0,0.0,0.0,88.02267604355522,0.08931881027930658,0.0,1.010848704532788,0.0,0.0,332449.89803404117
737.1612742329711,402.4624254099522,158.82834013453265,201.73439627299754,0.0,0.0,598.9839366775847,83.29827915090715,1613.6117685381585,11.553131797627026,0.0,0.0,27.13182641947521,1796.6599852427807,114.94580563395702,2.8763960352052442,734.8741721944772,1260.0133625617832,0.0,625.9206928343143,3167.342578940911,2223.998839082491,0.0,0.0,0.0,0.17666652713914938,205.4057000422263,0.24575401241152092,0.0,0.9342728496167241,0.0,0.2959467915177244,349830.7605649092
663.4137984008586,1379.2868204832694,261.1857981728025,220.94271363500053,0.0,369.47887039833125,0.0,0.0,2015.2320398202712,8.39417950844812,450.30811882801623,0.0,138.5943806471964,1281.4244449722873,78.73068372129121,0.0,298.88628169967916,2047.0687919709903,144.7327879389893,630.4091037506365,3393.7227147239273,2305.566690248671,15.824923074124362,0.0,0.0,0.0,115.63806299062243,0.55221037917874,0.005816801965681572,1.3226006100598875,0.0,0.35342366794848384,387703.76645794796
669.925078395937,1306.8535318238485,226.7439909057869,264.27452607702725,1863.3218410349025,222.1321687109322,258.5649972654129,330.39674771204824,2673.626592766629,2.5254927759690453,59.83498220374129,368.8001195559059,26.178147132441826,1250.332381369395,129.44140910077613,18.59847434016376,354.1782031557831,3316.3921996302333,186.4367965913113,924.1583679238418,2595.146243173932,1582.5046913086144,1.982189079283697,0.0,0.0,0.8192557508685525,166.84727508861985,1.0884167923059342,0.008961331832236203,0.8709431834239705,0.0,0.28253463504680376,412117.28334893845
768.4332746719457,1095.359623847261,209.15618724089907,339.31627500754195,1914.4791165480683,183.92773432797355,510.1763376626027,340.26829311708775,1549.8653201851387,3.7959009109745163,253.02835535629293,428.1934257839104,29.671944391810726,1279.925174021429,105.47913158389358,55.314084891235545,197.64031989935893,3598.354140343998,0.0,1165.8575711813198,2414.4307241016954,2287.7873422075913,8.391953515540633,0.0,0.0,2.308275344782489,104.24434236531232,1.3212075136418129,0.0,0.9170043687614087,1.814856825988755,0.0,421831.55902424105
640.823188715605,1006.2248331808601,225.1576355066046,396.20837832536625,1792.546720018732,11.180357370545243,1115.43657238585,411.9565020292923,1524.5223548623874,9.65309291522898,122.84429444412052,531.1568815337832,23.859162689881256,1080.0161856923696,92.0132913383463,120.24360838459967,463.8252386150441,3395.5199174355744,175.99736596530244,1220.9575389902268,0.0,2141.126343231944,4.325481356888323,0.0,0.0,5.0453114801742895,256.49285300070113,1.3061071362549381,0.011474440109730952,1.069048972242599,1.084467739487947,0.17460487776813868,428154.63907486934
596.3789860663973,830.7949660781957,249.20481951776432,382.99081636147025,1649.9172141923639,0.0,656.0969012871807,446.4608659822963,2271.22407608205,3.9950685942099673,129.44757016391512,351.08516358603896,0.0,1445.375138695671,27.314416588716963,50.44643580484935,175.58722124315975,2958.3024088006473,44.63768443508634,1208.426857521576,0.0,0.0,5.161888481078203,0.0,0.0,2.2581731783467487,95.96539669625511,1.1237783581461667,0.0034483364188555754,0.0,0.20326246233557943,0.0,411423.7991105797
430.655175337857,1135.346045447789,167.7871514503972,249.53446190417023,1877.7102723629157,109.32487485563958,571.623352829981,438.4082562481902,0.0,3.39242788886593,56.1471582517869,420.40674187276454,0.0,1179.3782772022998,0.0,16.864279194453033,263.6684227227969,2085.1699528555328,88.6193291342026,1034.8352277395538,0.0,1632.2461303846503,2.750572491225083,0.0,0.9036278427385527,0.8608364988797608,134.1372661445628,0.7367447693959047,0.00854905636399164,0.0,2.287792420124391,0.21881685159875464,401824.97058263427
881.357113113462,777.8561273240236,126.7317802928303,88.71819739102666,1963.5040777736397,212.77581157458698,0.0,673.4872975785745,1298.9861128527791,1.0055448589828653,0.0,348.0186988377932,0.0,1308.0418332935565,0.0,3.531217713898405,155.05486535211853,2957.272057287016,54.98601122133661,835.9003282716897,2320.2543218856376,2485.139440688766,0.0,0.0,1.0568539118596403,0.2240216042233513,68.53846363138196,0.9071845163761949,0.007630978661548948,0.0,1.3067792274771906,0.3379308073887229,399198.9359995886
1110.1556109633784,668.3624688849179,109.0552226955004,0.0,1386.131084874314,22.94722051356777,828.7063007906362,722.8224076627786,1728.8182913638752,8.227515278221047,19.11554697628344,423.0068255919826,0.0,0.0,0.0,0.0,0.0,2313.69989153585,0.17369062618830494,855.1671646905661,2543.0081801960214,0.0,2.3019010876643313,0.0,2.2342535573940463,0.0,0.0,0.5623769460340929,6.532690637269969e-05,0.7945272891706776,0.0,0.32761277691330665,385180.50650476967
859.3579460910244,2097.6156195380854,28.841883863532356,24.9989517054391,1646.2429152924628,0.0,1158.6509241481567,571.0250144517004,2161.845291829095,5.593071452999252,4.234948626050355,320.2170358890513,0.0,0.0,0.0,0.2748695721375273,480.34824000436276,1697.2050084174837,0.0,753.3259318772344,0.0,2269.7633577328593,2.662552046571695,0.0,1.2651022319067449,0.04692357270313005,115.10755154312425,0.2818310662242817,0.0022620485008145383,0.7188804829803741,1.5816102158565415,0.0,372656.58511236025
1096.9303336854987,2224.6720252299715,9.043759000433116,0.0,0.0,0.0,1467.53723468208,680.9771297274115,1602.2278728217668,3.80738347640989,0.0,0.0,0.0,1714.6734449056794,0.0,0.0,505.3362658263267,1057.7946283885108,0.0,606.61566728307,1878.4187049042634,2536.7510601615422,9.8069060780267,0.0,0.0,0.0,58.59723240631533,0.08493472953963065,0.0014528478688115305,0.0,1.4513938947476697,0.0850996356608478,350509.927544074
1049.335164058362,1935.887229878419,5.42625540025987,0.0,1838.1940481826807,0.0,1968.2948857909914,594.8576547195526,1526.752422987131,0.0,0.0,387.34675232422353,0.0,1225.2615991309644,0.0,0.0,4.456734443396806,702.7738363088637,0.0,432.9752375791201,2660.8024830881677,2766.6374133558174,26.752763961848036,1.0054066826713097,0.0,0.0,0.0,0.0,0.0,0.0,0.0,0.0,328695.4289473487
1353.287685651508,2851.7115282276104,3.2557532401559217,0.0,1790.4808442718593,15.74493635512797,2051.5874049835265,547.128054675113,1420.7711923473732,0.0,0.0,396.41305879309385,0.0,1884.8895192044092,0.0,0.0,0.0,0.0,0.0,299.66346371182965,0.0,0.0,16.643392065066593,0.15480167368774178,0.0,0.0,0.0,0.0,0.0,0.0,0.0,0.0,302467.0693185936
1490.6880826199545,1492.290950798984,1.953451944093553,0.0,1570.1520782701818,0.0,1794.2963455506158,610.6818652482892,0.0,0.0,0.0,374.14114518715655,0.0,1578.513497301237,0.0,0.0,153.96755539414787,0.0,0.0,119.85631283533698,1834.6254169023928,1980.084156146166,31.785964642011837,1.5542842556728718,0.0,0.0,0.0,0.0,0.0,0.0,0.0,0.0,279724.08869007905
1500.785375902502,1344.2738219069493,1.1720711664561319,0.0,1911.4702641694523,290.19208728215347,1349.410515830454,657.0543299903261,0.0,0.0,0.0,403.4623047251051,0.0,1044.97184741697,0.0,0.0,0.0,548.4314952276659,0.0,47.939349706846585,1952.797741754515,1850.8858708565094,38.49474254724004,1.0429745213962094,0.0,0.0,0.0,0.0,0.0,0.0,0.0,0.0,275220.6225877242
1599.092233624736,1460.0225350570684,0.703242699873679,0.0,1941.2830195842082,330.5390382133716,1995.7772709628832,467.9975797753952,0.0,0.0,0.0,0.0,0.0,1330.1809484472194,0.0,0.0,0.0,1850.4798524741084,0.0,117.89229762416763,2508.958002688592,1025.7052062320959,35.2598596987362,0.0,0.0,0.0,0.0,0.0,0.0,0.0,1.732643498483045,0.0,268044.1825571868
1474.452361471407,1588.8089790774507,0.4219456199242074,0.0,1976.7122350205277,155.46848800400267,542.0639694076759,575.3475496336798,1767.476328809748,0.0,0.0,0.0,0.0,1212.7243128662235,0.0,0.0,205.66138582088536,1251.3629753362613,0.0,380.2429035051637,0.0,1376.8368204219537,23.278542492301135,0.0,0.0,0.0,0.0,0.0,0.0,0.0,0.0,0.0,266607.12164153997
987.4507076604789,749.7441779793066,0.25316737195452443,0.0,2059.562061062277,86.11464357438712,1578.7966141954744,637.8195573704104,1121.908375095952,0.0,0.0,347.80139881252035,0.0,0.0,0.0,0.0,88.51874210504475,2866.5437954462686,0.0,377.3423608161475,1665.2871226096345,2561.1151074672607,26.48677140686379,0.0,0.0,2.6719072652159666,0.0,0.0,0.0,0.0,0.0,0.0,271547.88824897597
811.7515702842992,1368.6499811079702,0.15190042317271465,0.0,1774.908750135953,118.63272822552729,1571.9389773719568,812.9733440875821,1272.4343561362944,0.0,0.0,361.56300476701057,0.0,1425.4471998341487,0.0,0.0,0.0,695.3274328873964,0.0,666.9147798555316,3050.495207927133,2596.6177919584275,9.867767906076734,0.0,0.0,0.0,0.0,0.0,0.0,0.0,0.0,0.0,271920.0769896433
1188.8098382278704,1803.516216453395,0.09114025390362879,0.0,0.0,225.0236196100431,2913.5274773895726,664.5473988572785,0.0,0.0,0.0,354.39793262453384,0.0,1999.852799757074,0.0,0.0,0.0,888.9913919197418,0.0,391.9248331840045,2061.689822568114,2353.127951171479,12.597983951892452,0.0,0.0,0.8788638137158008,0.0,0.0,0.0,0.0,1.876268542671203,0.0,265656.444728686
1151.0479533215614,1369.3281780490026,0.05468415234217727,0.0,2154.9430958367966,31.89810423837418,2438.155032077513,537.1658212612014,1373.8014036302359,0.0,0.0,0.0,107.93010009676632,1688.5723818395227,0.0,0.0,0.0,729.0869844399035,0.0,316.78837798187647,0.0,1719.7116954659316,3.16790340681355,0.0,0.0,0.0,0.0,0.0,0.0,0.0,0.0,0.0,258033.1367763761
1262.4397993807995,1922.8652778856708,0.03281049140530636,0.0,1241.9026811478875,251.41547597897267,2469.91994708129,564.9091105527776,1214.7238084579417,0.0,0.0,422.3603655085668,59.83752212461655,1034.7748998471268,0.0,0.0,0.0,0.0,0.0,257.95100634888564,0.0,0.0,12.899434863321927,0.0,0.0,0.14984266862002893,0.0,0.0,0.0,0.19852449743483025,0.38700657524863147,0.0,255667.61350361336
1479.4220744653094,1320.6550364345117,0.019686294843183818,0.0,2023.699869076635,4.137076150570858,2320.961611720009,1181.1120622611907,0.0,0.0,0.0,450.0073658472219,227.77737238045492,1063.4100036097684,4.7514386455977595,0.0,0.0,0.0,3.041042389249557,105.10106242828805,0.0,2077.480284006395,10.259676394691796,0.0,0.0,0.0,0.0,0.0,0.0,2.4352739956503697,0.5040443877462375,0.0,252225.19025198655
1583.0919165429877,2522.663918572879,8.549588449595527,0.0,1563.1445249184108,0.0,1599.812828111477,1126.7847686442622,734.6472332377523,0.0,0.0,390.8481939086045,450.6359204129541,1488.657361193242,0.0,0.0,0.0,297.2913028357678,0.0,75.87675255520281,2425.645381236668,1696.9966419701109,0.0,0.0,1.2523521114868852,3.0365828183775267,0.0,0.0,0.0,1.0716367044432753,3.130640865361106,0.0,258586.8210739424
1538.5141907969191,1582.7299487211124,48.932359159247376,4.628014235828388,1457.103672423364,0.0,1207.159225628859,1113.036275982264,940.3316698038983,0.4190245931758211,71.38926050008735,452.9475912250072,211.89394888617716,1350.894725641886,71.984416080388,29.654267519852738,45.81355587225055,0.0,0.0,70.1490223949997,2594.3092350787333,2155.539515531888,7.543993098822365,0.0,1.4143117575373194,6.75984486769537,0.32640110428199975,0.0,0.0,0.5120252809102916,0.0,0.0035936944465250697,302711.46174680715
1386.7404186573124,2826.000098132762,62.392211384708006,13.107377056827435,1815.8360622660614,37.06421725796959,1582.3606927703202,1037.9216208129608,1725.480977054314,8.136433923444876,190.35552624787528,321.0319030208292,158.1162603175004,0.0,11.667850052582644,38.383225089898175,0.0,0.0,0.0,28.053222738323978,2861.0338775751334,2791.3654017660256,13.426689654423432,0.0,1.268023105010997,4.258727490482109,0.0,0.0,0.0,0.5290850790481765,0.0,0.17322147690311332,340863.1294510006
1317.065219597053,3200.3742630632805,91.62700328278693,38.30003605489515,0.0,304.1277561403058,1470.565941375157,1319.0958501861383,0.0,17.6589767679839,0.0,0.0,446.6108355159601,1377.5758601864777,49.79740252308846,10.194265967177133,22.446646840339582,0.0,88.10573221720325,11.219053918443025,3021.1707190212323,1941.102267026325,0.0,0.0,0.08309395395300745,0.7806299614401688,5.397671089199678,0.0,0.002692750664101344,0.7865205120300386,0.0,0.0,365633.78244923614
773.3765713204958,2461.048103802973,42.48717900477431,81.16426801272384,1595.2078660646193,443.9836269460867,1240.14593900986,808.4946986880276,0.0,17.227508314631542,255.3437839189639,0.0,325.0795868369446,1550.2391032712746,146.18454898744352,0.0,0.0,39.8137780541914,0.0,102.93536752596843,3431.212031966048,0.0,12.343749169956784,0.0,0.0,0.0,0.0,0.009217873925194279,0.0,0.9991737212899531,0.0,0.0,373943.5829463217
1071.07647149508,3341.8979436870763,31.417624445900408,0.0,1803.2552209090074,102.3265605423295,605.2671768754063,1146.3801728474846,0.0,19.426838790510683,0.0,411.693985681337,257.3449387741594,1569.5779367341738,128.07097116868744,7.722175449293191,6.096164537036605,0.0,166.38357194337993,237.94470937271942,2107.8601526454204,1203.8861573198433,0.0,0.0,0.0,0.4159297958339356,2.5345910091792456,0.0,0.007881970969003775,0.0,0.0,0.0,378407.8424738031
330.35434654252055,2686.303993791534,11.666511521149932,0.0,2361.545112590235,581.31872052974,0.0,763.4209574560509,2082.930870101819,21.900753187828226,0.0,375.49663528256,105.87336056330915,1568.674121827746,23.640631152651135,0.0,0.0,874.9196244694054,255.6934892676239,221.10450934637134,2189.70335086691,1906.57867962252,0.0,0.0,0.0,0.0,0.0,0.2803977670266927,0.014142332508903413,0.6400465906405439,0.0,0.7377717584985721,390395.48801061354
411.3654122177547,2247.8739829999568,27.46574377093205,41.44955586841072,1458.5649006949734,240.65223069337532,511.62930326165264,740.195270028565,2204.138479522643,20.275127193361303,0.0,456.8302169611893,38.08123211798808,1232.097677967942,69.93087091645388,91.55998513174417,0.0,422.12035030465535,216.54340926578146,411.99216632538656,0.0,2263.917525946068,0.0,0.0,0.0,4.63404523340431,0.0,0.1425931549974992,0.013923042713962903,1.5080850306024327,0.0,0.03063295076318412,398559.19207582716
129.75196146920297,2034.70135454543,34.409382226175474,78.204919331243,1931.2690760865694,542.5282667963995,0.0,458.2536743574312,1448.0026604276743,14.174680993064914,35.994583167413985,0.0,0.0,0.0,100.46944358758711,1.0281991988736725,280.4840774760135,981.6080677872632,276.1510477613652,378.01661338556926,0.0,2386.690745191564,1.8755782106459797,0.0,0.8347390708516051,0.05467574362692203,138.2507607750096,0.3303738670579521,0.020577807350090713,0.0,0.0,0.0,402036.70358454523
0.0,2168.028761416247,75.02872155165119,106.88711149149104,1710.906395714051,536.3256021839053,1245.3449093052989,574.7383899490989,1315.6828806403148,14.884573755835667,0.0,0.0,0.0,1350.269024925152,44.97529411439767,0.4476047143557986,184.89370454873526,243.22378113476023,90.90281663068883,508.7703699781687,1947.8482139080675,2198.553179955813,0.0,0.0,1.4197962414186867,0.026724523399628837,85.9102649666005,0.07712140427315564,0.008337460168905138,0.0,0.0,0.0,403122.48845925624
0.0,1616.8972471428597,53.815164638030716,65.57692073940554,2582.182904858075,819.5677673514663,811.92328996002,407.06497851102193,1812.2016169782635,2.604080560560408,167.5104635923324,0.0,0.0,1733.1637946031842,27.044021553110728,19.753260708698274,413.51934730228874,0.0,96.88775969783254,286.1953858294072,2663.156655124031,1738.872981934487,14.100051170821427,0.0,2.3733596443359346,1.4357024477408655,169.5025500698666,0.0,0.012263777143561543,0.0,0.0,0.0,404188.10451263597
0.0,2039.4063911847911,52.925062006134766,40.97929166572143,2187.3010350170384,614.9258316904518,1362.4215399875345,99.79193852824535,938.0639875205999,0.5619298842559143,124.41461449600524,0.0,0.0,1389.050235045239,0.0,0.0,519.4288235682684,0.0,48.46162194572505,127.06604910565964,1962.1071267022103,2080.4634723004815,17.28400101596403,0.0,1.1374034687606025,0.0,172.46179055764014,0.0,0.012987521750402544,0.0,0.0,0.0,385659.01067779976
190.87476503526696,1779.8964068538914,23.43483895413078,90.45156165507348,0.0,904.237971769594,644.5957513085287,487.92275840504993,1727.3126556949767,0.0,35.1790274191808,0.0,0.0,1269.4076358002076,0.0,0.0,667.070667312649,2.4820390621763226,0.0,35.91270454046659,0.0,0.0,16.0389502974908,0.0,0.0,0.0,157.20374650032045,0.0003984483286377363,0.0035778307689169867,0.0,0.0,0.0,360553.08540775796
24.433900392663773,1406.6270654667742,17.84706638991397,0.0,0.0,539.3126724632596,354.7375948284687,542.9851071621532,1623.680958700631,1.6365867082663084,0.0,405.8026332412386,0.0,1340.961193779431,0.0,2.421306088286546,256.35665171651516,1527.0673919074457,0.0,13.83211432744178,2730.360442707863,2176.6951479274967,21.18799395946671,0.0,0.0,2.0031247203452005,32.43083728359818,0.13151963122036542,0.0038065840078624394,0.0,0.0,0.08829566438151391,367974.22913890774
141.7248269822019,1389.4672629639406,10.708239833948381,0.0,1884.2133542214165,349.5395576508426,1017.6630663683975,586.9452185287355,0.0,0.0,0.0,381.8077584387774,0.0,0.0,0.0,0.0,621.8255507669733,1361.633849836639,0.0,280.17341752411704,3035.5330657758245,2042.5741463355587,5.940289082321608,0.0,0.5880121925773965,4.357388418184467,6.794218821109298,0.010122754217625016,0.00015505653878008694,0.0,0.0,0.002650574491140872,357217.9306769533
84.36713404589842,2067.5636568690934,6.424943900369029,0.0,1482.917467906287,360.2801202894368,770.6911994283246,898.0133953718475,0.0,0.0,0.0,366.37921503240466,0.0,1801.1740631400894,0.0,0.0,473.9135877593959,2916.467126064649,0.0,357.0824144176719,2498.787257797453,1042.4363003115143,9.565180222265125,0.0,1.2273907837678864,2.9640541004013627,0.0,0.0,0.0,0.0,0.0,0.0,342629.11322677083
177.93159743831336,1579.4576263384135,3.854966340221417,0.0,0.0,421.2525319567066,1105.5710747320468,515.8031015389347,309.44726033332745,0.0,0.0,316.8971902761701,0.0,1428.314589210049,0.0,0.0,641.6011529726311,3825.022883385206,0.0,667.7686825118061,0.0,0.0,3.8797286596322276,0.0,1.169270515498438,5.824218568326932,0.0,0.0,0.0,0.0,0.0,0.0,326151.90762226016
0.0,1429.440269074671,2.31297980413285,0.0,0.0,345.8946747618794,87.09706056046994,184.36973265020092,1947.7750884358388,0.0,0.0,340.0354426770879,0.0,1442.6061766903804,0.0,0.0,206.6567110169388,3639.7071296392005,0.0,955.6016639326447,2951.51073352024,1612.2759329983833,20.990194442480615,0.0,1.2336928098479933,0.0,0.0,0.0,0.0,0.0,0.0,0.0,317316.8354953182
0.0,595.8740845093375,1.3877878824797099,0.0,2018.0774374532143,382.4801652402454,849.41298929882,68.39052684878253,0.0,0.0,0.0,456.06772489613957,0.0,1602.0380644309726,0.0,0.0,915.8806381737211,3218.362617465774,0.0,1037.3844740796187,2749.960504116635,1622.5041211003713,11.224964110599242,0.7616827093253338,0.6375017481391752,0.0,0.0,0.0,0.0,0.0,0.0,0.0,313835.2337777403
204.1518718342379,1538.4499300973634,0.8326727294878259,0.0,1546.711433967338,518.5049173894569,140.9345713284421,28.411052656736317,1063.50481853875,0.0,0.0,0.0,0.0,1607.9651763649888,0.0,0.0,663.1768013168993,2442.7867624371243,0.0,994.2578445857135,1808.0822868320415,1782.0569195774433,21.025760541567642,0.0,0.0,0.0,0.0,0.0,0.0,0.9248680546808171,0.0,0.0,311389.13393212
240.78195903518537,749.3299342776731,0.49960363769269556,0.0,1851.5203146697127,599.5537521826673,964.6144560092531,25.33114981352075,1900.4454496216063,0.0,0.0,0.0,0.0,2108.2624647005305,0.0,0.0,1265.1468524149095,3099.273527021596,0.0,837.404329406477,2382.376724714098,0.0,11.528650239796006,1.7570216838997625,0.0,5.275342782432542,0.0,0.0,0.0,1.6049480670665415,0.0,0.0,302959.7599991424
602.8446016454485,1219.7528010562341,0.29976218261561727,0.0,1661.5291249070085,475.64416063824353,648.7107275860784,187.68520951043647,1687.7543917958249,0.0,0.0,418.93415708797016,0.0,1434.0146936820138,0.0,0.0,825.533788537789,2566.6422847465124,0.0,892.8308176432063,2802.472731881185,1536.3375798689988,0.0,1.3242703208628495,0.0,0.0,0.0,0.0,0.0,1.8401682660143792,0.0,0.0,313424.51092664327
485.1922584913314,1278.8911912159938,0.17985730956937035,0.0,1959.9839164642833,415.739915733852,952.9359054381908,232.05472925477645,1817.322766079555,0.0,0.0,341.34070364547586,0.0,1445.3422047306246,0.0,0.0,1037.1698207279508,1923.6592551571928,0.0,819.1278861675096,2335.8106407566775,1553.6222843755577,9.483184331820219,1.0908115340792508,0.0,0.0,0.0,0.0,0.0,1.2617671898566476,0.0,0.0,312845.2488005346
1039.085541100991,347.16600937466967,0.10791438574162221,0.0,0.0,425.5035664197963,0.0,0.0,0.0,0.0,0.0,387.98992581006667,78.31143760257947,0.0,0.0,0.0,990.0946349867945,1201.6499830486207,0.0,673.9098021448478,3018.0470492078302,2485.073866639553,11.883317952491593,1.3125679097030947,0.0,2.3518606414689076,0.0,0.0,0.0,0.9709193321895616,0.0,0.0,304078.72885288234
846.8986615296467,1008.3600315582153,0.06474863144497332,0.0,0.0,0.5521617766270784,559.6212654427502,0.0,0.0,0.0,0.0,384.8485724453746,202.94284044658696,0.0,3.759907318419952,0.0,1050.7808375490808,1862.0343234155662,0.0,485.86091141903313,2067.9535409175355,1911.066929054576,6.889624339033877,0.953839803052311,0.0,6.830428006540263,0.0,0.0,0.0,1.574781017443208,0.0,0.0,292392.45508075354
721.5733728146647,861.9136078233907,0.03884917886698399,0.0,1691.9616427837093,115.094449859919,0.0,0.0,0.0,0.0,0.0,332.6499036118871,292.8409652868318,0.0,0.0,0.0,801.163834216327,0.0,30.03283733532511,529.5105405467349,0.0,1551.1967884849673,0.0,0.9589948811780253,0.0,3.2543016184725633,0.0,0.0,0.0,0.0,0.0,0.0,293395.94755758956
1098.0872618660044,563.2863866205704,0.023309507320190395,0.0,2097.3992816859172,0.0,955.2958587957095,0.0,1066.2246745571997,0.0,0.0,359.0436706067512,369.28082781411734,0.0,12.16309058953427,0.0,1125.425865660535,269.61229009083155,42.386105479831606,310.7381458725597,0.0,2784.864003324775,0.0,0.0,0.0,8.4646218026276,0.0,0.0,0.0,0.0,0.0,0.0,298162.4831419036
1329.1465177743817,1035.0649532060017,0.5403727289709076,6.9199951263891,1556.9857085039346,531.8998780933797,484.68707589917796,278.4915052409415,1186.5673977647239,0.0,104.14666489071332,409.7998587705085,312.2772380762412,0.0,0.0,9.503514695860696,1175.4475577214566,1958.1531674334528,135.2296632840645,332.3147169147864,2969.2755470310394,0.0,15.736636614588159,0.0,0.0,3.2717770271756224,0.0,0.0,0.0,0.0,0.0,0.0,343477.3827349141
1261.0949473173146,2216.964628053165,22.437109536694035,30.169438877289643,1666.6705362617329,426.2692321718744,577.4420062706216,426.752794437711,1605.0778511634287,0.1661047234868504,199.7534290974203,0.0,243.67667022247272,0.0,41.005432860258956,19.988550955168396,1145.8131146021872,2259.606186618795,181.81328510213115,698.0732882076409,2377.6171110134765,0.0,19.11363450646934,0.0,0.0,2.8974822453907154,108.3442158638367,0.14427151530387908,0.0029622180873417727,0.0,0.0,0.14306276233062598,389776.42880325636
1197.6466474530657,1334.173767446,15.12147872896389,33.82328143493058,1187.1880103633753,376.60154293343146,995.3660902555823,519.5660756411455,1029.0488754276298,2.1781143847233895,347.6129995644085,485.5482438332462,390.9286734051681,0.0,32.219318310195895,0.0,1379.1709598331488,1875.1011248222264,294.2347173784459,931.4700385874236,2038.7054151574343,2217.2269325112,25.516994436384504,0.0,0.0,0.0,273.3772721913099,0.2508431850634165,0.008410023321425087,0.0,0.0,0.3292067964072128,419439.99430639326
983.1522453622936,1707.0152875310948,67.87673956036743,0.0,0.0,85.13509633081843,609.4984897109142,659.680631807332,297.43137782437543,0.0,459.112393273238,496.2538490580397,274.111464513082,0.0,99.66358507145719,82.0652291684353,1033.5100726105593,2730.4432989023217,379.48655501220316,926.4375899802138,0.0,2540.194292253559,28.760058628213937,0.0,0.0,6.141986967719321,299.430253295058,0.533613237048663,0.014354931740320214,0.0,0.0,0.10995151878432337,429664.9606135681
866.1606686667884,450.9214001950557,86.85268066929974,106.50164279825985,0.0,266.0721885671094,306.3728091856177,745.8816727686502,984.5468138028812,0.0,458.0594526630221,440.3456859378993,61.77518699880823,1682.659257471843,141.12836575755762,46.36469218434763,1387.1428494917272,2399.1131441771463,133.78270479172627,1165.7528030520152,0.0,2697.8836504647848,26.397002593372996,0.0,0.0,2.99664130536011,504.77421054116985,0.5885997172984616,0.006133294119402674,0.0,0.0,0.3596436347448267,436680.8570909451
589.4603022431182,521.2208906181833,84.4214107172366,150.99610796882422,1423.5991133926307,438.3936141739108,248.27635271656763,433.8697880768304,1021.1718929516135,0.0,480.22957547794726,451.89029631534163,70.10923869153842,1023.2325455308146,113.51597295358977,124.67202046198265,1353.4014360263507,2789.0172094809086,249.50254619950272,1022.5088209647786,3035.4509466637114,1734.8739189896962,27.091626223509742,0.0,0.0,7.478353983145349,563.8279888175658,0.7829736076015061,0.0133992842830772,1.7215041865732672,0.0,0.296799290517998,453058.2734765509
810.7342044850384,682.616750445988,87.01608996170694,232.88452168235955,1672.47864222984,231.9110656938781,973.3148231410698,228.22821342710435,1313.7782727183758,6.071110762534348,697.7751745043481,401.59377941660483,33.15615064663359,0.0,135.37759001033538,131.19083696916277,1043.1129456643646,2064.934350296499,178.0837339084845,1109.3194593496669,2646.831340956968,2011.5225750788366,40.85681194452089,0.0,0.0,7.763011201498623,464.148813233038,0.6188599174449145,0.011110022281995102,1.8348244074115772,0.1724776194168124,0.21998427012393412,473221.45291722665
886.9073165145347,567.7265131799503,146.6603694271086,137.22013304545803,1684.4612144868702,583.9385475691907,1698.9175929055693,0.0,0.0,4.473492662565896,319.28368412736086,411.19164151856523,0.0,1459.151358524641,73.80405069956831,128.67277880686092,904.9423176499815,1400.64476914633,182.28980962668302,1054.712769486869,1953.8745300283667,2293.3202828211615,20.64818764876965,0.0,0.0,7.964707108519559,404.9919543062412,0.42198754026280844,0.01337007983992272,1.5834981268121795,1.4093984061655709,0.9734637643722264,471184.5423269311
764.8854488580841,571.5978980894479,182.50109444860473,115.54247989333565,1603.1371323004682,585.2849247459799,1280.3597098065563,502.51139387003735,0.0,15.123571660810372,541.3166341432074,397.43345526675915,0.0,1671.2362802595205,76.5538653034141,156.5176649959255,1010.0167070869675,0.0,39.56407039654789,699.0410293312107,2717.8127904200755,0.0,41.681414821004076,0.0,0.0,10.800047849401325,428.59463871947065,0.0,0.0035512467432386088,1.4350506484522296,0.05820591628242655,1.2572959259906953,468949.2411788539
589.590138523014,580.6907675825188,111.93141226760264,159.10818212069086,2011.3190778432413,428.7828538853613,944.4932902897193,848.0349400154498,1215.9930354851695,21.08852728692291,379.74378433948874,393.5605271057465,0.0,1405.9245502895064,40.99540477080314,91.39795572212383,365.6448799255591,1127.587563046719,45.70051682977516,363.45777034163467,2497.765540655841,1660.8782410830322,38.728486516801844,0.0,1.345675609908909,7.606398789030103,137.81708149355475,0.285835869872131,0.005572068035636452,0.3830043414162829,0.0,0.781541969544457,473761.57327389286
442.9327034617031,1732.597157449951,95.93833011270763,98.91383591103164,1600.360783616149,142.22458630563824,954.3583454788267,389.7980487881135,1302.5946340042258,15.691773234651725,134.01247495046795,0.0,0.0,1309.5686451945219,0.0,47.395339334615834,848.0172171412031,1080.9665030043661,30.652630281002892,298.6932855845986,1960.8413989182932,2463.8271736878087,21.93120115328494,0.0,1.5276759649018197,5.338964859888991,261.3135837378543,0.22391503543260124,0.007327695750892466,0.0,2.4643474295984347,0.4312829144777075,464194.2692348638
0.0,625.8689631429627,71.05574911675535,4.70665090781096,0.0,52.81633138686581,1448.8006969058113,919.1993029323203,2011.6244507474828,9.356991293099851,59.2623064908042,420.37189571781227,0.0,1228.6626587060155,0.0,39.64532039454137,1222.6049795326737,0.0,0.0,317.16019742145744,1721.5554420850967,1168.7509367891817,27.928409463637582,0.0,2.2441376311858163,7.532014390338253,271.5944704541176,0.0,0.0024544080882781282,0.0,1.9197358073963746,0.001490477103690209,441065.9005028003
479.7341278378586,1509.9023514747257,24.464590321048895,1.4395430382561454,0.0,0.0,1667.9565506895904,687.0847300314891,1772.391592673891,8.309055787106987,0.0,440.06103253669085,0.0,1317.117115236195,0.0,14.433631552541051,1448.2016864417558,1070.307699893077,0.0,126.48087214148606,0.0,1985.3682520410157,30.408350869021675,0.0,1.6598207768338402,10.403820954288934,179.54012684550872,0.0891130258634223,0.00283673151733275,0.0,0.0,0.00461149534764476,415330.7212972699
492.4722848201743,1137.6149806729734,14.678754192629336,0.0,1879.7783209583174,251.8213999019507,1824.8030006731879,1122.09225680126,0.0,1.3898674027787934,0.0,433.2253983928849,0.0,0.0,0.0,0.0,1548.763195248458,1551.3299590096187,0.0,243.11361244786434,0.0,2177.510899836445,26.008722488931017,0.0,0.594416169440765,7.1538240110904345,29.996421439722038,0.020168991612259927,0.0004060920465770227,0.0,0.0,0.0,401135.03771549166
828.516914496732,1847.999691641795,8.807252515577602,0.0,1528.5969375399554,165.3820605006324,820.3364155905239,574.4053003882971,1697.678502159035,0.0,0.0,465.4612094879226,0.0,0.0,0.0,0.0,1803.5286011536734,691.2869609051534,0.0,376.43789476455777,3089.5340287420136,1462.0569119832815,16.29841035292903,0.0,1.4601706895170645,9.198581687233071,0.0,0.0,0.0,0.0,0.0,0.0,387892.8147003478
730.8356921944402,3661.1150729302153,5.2843515093465605,0.0,0.0,353.5883418782205,452.42857495961016,1031.3257608754502,1095.738042930504,0.0,0.0,412.57144266875355,0.0,0.0,0.0,0.0,1769.3663764253442,836.9613880598873,0.0,274.9903808760389,2081.8827773434746,1881.834175775603,0.0,0.0,0.0,3.731959999682945,0.0,0.0,0.0,0.0,0.0,0.0,367934.99464995426
992.6063620243341,2928.1312569321403,3.170610905607936,0.0,2166.358515865107,258.6163319643823,168.85233606542582,1060.2237395938419,2310.4531040319257,0.0,0.0,448.68554564496714,0.0,1619.17632366349,0.0,0.0,1468.5302100804104,1230.0258993960404,0.0,260.64345170374617,2666.7169659915367,0.0,0.0,0.0,0.0,0.9076050584427672,0.0,0.0,0.0,0.0,0.0,0.0,354435.86202291143
367.1561822148971,3333.9109270662657,1.9023665433647616,0.0,1968.842516415104,0.0,0.0,934.6597391945237,2233.199396205679,0.0,0.0,468.27055143834036,0.0,1501.004987895523,0.0,0.0,1056.0105297515133,0.0,0.0,325.6600298986786,0.0,1672.7461206913567,0.0,0.0,0.0,4.935591312188181,0.0,0.0,0.0,0.0,0.0,0.0,333023.0992212764
405.05556235208815,3257.9232775123655,1.141419926018857,0.0,2193.0331042846074,0.0,625.8358677999088,889.303586973389,1773.4976771471313,0.0,0.0,0.0,0.0,0.0,0.0,0.0,643.581704213654,0.0,0.0,130.26330752353394,0.0,1768.6807149875249,0.0,0.0,0.0,3.7340870679875238,0.0,0.0,0.0,0.9593189584405124,0.0,0.0,309158.22681655845
803.0791278710819,2694.6643682454796,0.6848519556113141,0.0,1399.239393501318,219.03149924667105,137.23934552123077,1026.6951154003407,2046.5965230466725,0.0,0.0,371.84049178210705,0.0,1518.3686974704613,0.0,0.0,786.6758440130168,210.52346184916092,0.0,52.105076456835434,0.0,2298.444509796974,15.3037723485514,0.0,0.0,0.0,0.0,0.0,0.0,0.4058138439327307,0.0,0.0,302946.5352697356
565.4413100433171,2761.5566734574404,0.4109111733667885,0.0,1931.923445366018,523.3314219381994,218.6186410333554,834.8333227218649,1924.0685681025043,0.0,0.0,364.42006597645945,18.354129440334535,1221.7631929902095,0.0,0.0,299.5309583378959,0.0,0.0,58.736167422180806,2975.207894783876,1872.3591122430355,11.769578333454163,0.0,0.0,2.8877250520437903,0.0,0.0,0.0,0.7029661104674945,0.0,0.0,306163.1017127074
366.49719492528305,2606.5620575934577,0.2465467040200731,0.0,1765.61308963529,671.7247479782466,0.0,1604.5748810072753,0.0,0.0,0.0,467.88068944752735,75.45484080332088,1578.5663726101911,0.0,0.0,0.0,0.0,0.0,23.4944367661815,3053.4335831469652,0.0,0.0,0.0,0.0,4.545226369650723,0.0,0.0,0.0,0.0,0.0,0.0,290728.9384516092
842.2756031822665,1765.0408335711559,0.14792802241204384,0.0,0.0,835.4940124607393,914.7699633754199,1395.9337564422658,1536.4673940430973,0.0,0.0,424.51205157021826,209.8390597247151,1345.846908845781,0.0,0.0,592.5407526983428,0.0,0.0,9.397764135530814,1897.4139395752927,2240.827371623296,10.839657997129736,0.0,0.0,2.160985565936541,0.0,0.0,0.0,0.0,0.12823094870969554,0.0,294538.91694905225
916.0885829195606,1889.1932448220646,0.0887568134472263,0.0,2009.83163109186,787.9546325770341,811.607993537975,1167.1318954004937,981.7968951384958,0.0,0.0,409.6208936428841,178.86202820736634,0.0,3.5233879774295342,0.0,0.0,0.0,0.0,3.7591019543827002,2367.6947887858787,1754.5935682804004,11.57728612614645,0.0,1.1985190932363952,0.0,0.0,0.0,0.0,0.0,1.5015446676210784,0.0,294304.7046589453
1238.130756109965,1040.2573922974157,0.05325408806833577,0.0,2188.1118779993835,765.8329677916158,1342.2988627726263,784.4204242418433,1602.4293847456622,0.0,0.0,0.0,174.59368093129285,1474.4439094758548,31.39781708581255,0.0,146.65263837134506,859.8436782235748,7.755919115171638,1.503639486812711,0.0,2454.3824546881465,12.213477540231091,0.0,1.1398880724606992,3.294840570556672,0.0,0.0,0.0,0.0,1.014685175375751,0.0,308775.83649699716
1191.284103572815,1858.7907921450235,0.7422564483932288,0.0,2415.854189611246,599.5997632775113,272.05052075602146,1035.2216734729009,1898.8480866288069,0.0,27.323930410956162,405.26750930132357,54.804305169735585,1296.1070447478148,41.874090556949476,0.0,0.0,0.0,25.012143373250833,225.5068818765283,2311.3823876966158,2439.7316691032906,17.154989029845883,0.0,0.1832107061360071,0.0,0.0,0.0,0.0,0.0,1.7949571905329988,0.0,328285.1847796842
1703.6183297178422,956.5190029962961,32.30780068911936,11.631373738839702,1385.2678985775979,498.1968524856218,0.0,583.2649420222604,2107.477117174525,0.0,130.7480474790248,348.38962726194296,295.33036959097507,1382.9576812009684,91.75643491606968,11.135111207268235,284.8791920782076,970.2455117608212,0.0,135.67121704025593,1917.8489643664284,828.266771615863,25.439895183218617,0.0,0.0,5.066745072861643,0.0,0.0,0.0,0.0,0.19112415779648229,0.0,369330.57018602284
1726.3279344095629,276.050157548615,65.21204051243332,106.40231550946766,0.0,247.558045712425,510.54563528508385,622.0810033129233,0.0,5.1135207436821055,261.52637387218425,340.01522556470536,265.0609786622666,1510.468022540529,178.65875812164376,2.0036419002805,220.7274073120786,666.3133323199415,62.37345578093035,259.81855173100917,1906.784440773501,1769.6295524446214,31.34472912686073,0.0,0.6977972103392224,0.3520881391517482,17.095007441943896,0.03442532270104097,0.0009315876239724087,1.548954780770475,0.20700268594446636,0.02716478939297666,422232.2244829132
1553.4027791836452,303.76634173911765,36.797036948772984,194.86617861835532,0.0,551.32987957241,398.9470057597514,582.7343355070292,1868.3089405738208,9.134010548342546,449.8828824870615,434.74007618035733,262.4587373546208,1633.2811258656666,279.71076281559294,8.01189588254179,436.5969890700398,1028.6391206969233,17.85749220048355,207.63036631748466,2717.965510921006,2435.803374197067,40.80135140461977,0.0,0.0,0.9081948155079942,75.44272484564064,0.1185230978897812,0.0004937082492152962,0.9232378768738431,0.0,0.19590334590520256,440070.7320150953
1558.0333334246193,2326.8423301826842,102.27012799007655,249.42796073783148,0.0,678.4945639321918,1720.407549098113,807.8155622774416,1810.0163561488384,6.001086532862196,610.2513640209891,411.9186271401172,198.81560117526942,1465.0884914460025,337.25931354095616,0.0,545.6304702900685,1342.5022482615768,0.0,323.927479956358,2525.3287219355097,2244.2828776308133,46.795617377827924,0.846658476301699,0.0,0.0,140.5366403946241,0.2304769221829469,0.0,0.7914754037932702,0.0,0.2467315834350479,455754.54712884437
1308.830207119048,1026.6482931965659,47.23887667792124,205.14566436778213,2231.7258773343983,686.6178914912582,951.5014940251472,898.3776113397251,2198.5510078046536,0.5930227875895788,737.1860226788332,374.6076468969044,65.3746717933251,1264.5594529554614,323.44597346372245,37.012990918465086,728.2671516666159,420.80941341026545,51.98289537554938,610.7501944632347,2189.193038813075,0.0,51.62033765342449,1.1172134038168011,0.0,2.777431577804793,238.110651005685,0.0916673023611305,0.0023470027589070895,0.9258066123272027,0.0,0.6708722689363525,470779.0693744199
1282.4583044598355,1708.5274550449162,163.2740510843513,51.970738583758575,1550.6366442735257,481.23525925652143,1078.621335318416,418.05156786803485,1333.1580847419577,0.0,781.3929915907411,0.0,158.68722960346358,0.0,298.89604256914714,0.0,518.3284411313969,1325.5236820222676,0.0,428.45319897985354,0.0,0.0,53.207236771697936,0.9859840677724275,0.9273234953598395,0.0,195.44725083106795,0.33286921153994176,0.0,0.6299579165820008,0.0,0.42281285789307294,455971.2464124167
1139.9535283355156,376.4122337725546,132.75504739284818,0.0,1751.863450879044,381.25505992881824,1024.241590504097,340.8307577660005,2069.5328395189536,0.0,602.5333190005235,420.88388441867556,13.762606588401765,1444.106478204572,284.49512112707197,38.09272021604395,1076.4489074167857,1207.0067484395233,130.21609566440293,599.905745473397,0.0,2457.222941288596,42.30286288519472,1.141588446831539,0.7695728479513338,2.584410561548092,436.1388609709587,0.3255552009810984,0.008014361492245329,0.0,0.0,0.9663302749681487,465681.11523107765
444.18331320606774,2047.688560221159,130.09816875661005,143.82907466290328,1543.6496126711058,727.93939977442,1459.075217921355,215.12795913769236,1676.9066914522575,7.182376518579828,611.0155064312335,468.82781985233237,0.0,1293.4755936424535,221.46520661519722,0.0,1101.3594998972335,0.0,132.85973329306665,504.9413258661519,1384.855217965705,2013.1793436550033,47.24139047229184,0.5127829241847714,0.4272529705526299,0.0,451.04452726001483,0.0,0.009653839156260972,0.0,0.9785226294064243,0.20968111326155522,488813.870084789
334.8262837690951,1537.5292963477705,102.36606211425931,142.53996453415476,1764.9675701788824,363.8051497565474,2065.845695767955,423.87849689599113,0.0,14.916403700111108,506.8371139144736,0.0,0.0,1503.2395060068513,131.80511234202913,0.0,1810.934066206103,1706.4187705434845,115.88336269712339,268.8803610635213,2803.3556799633693,2073.4026263390597,46.383289835448,0.7962516327308359,2.3859765450056196,0.0,705.7156945371293,0.4423275543978479,0.010271506966523453,0.0,0.13782629197855945,0.9143157173630612,489194.9428456883
0.0,2931.8875219760343,160.6790805888051,106.0298936858271,1589.2908182092638,196.85326721692627,1693.0772283101128,752.0324724066621,0.0,16.841565764036794,156.72655658682157,0.0,0.0,1037.9094289839438,63.333004218654125,0.0,1259.7185857485724,597.5094112083893,0.0,511.9632959889173,2866.68557169494,1481.5672225338699,18.838493338967613,0.0,1.2947070040138289,0.0,437.8401767852499,0.13808411782523994,0.0,0.0,2.15345573585051,0.3741081735476762,476886.4024502957
0.0,2092.0458330378647,90.58479793578155,40.18270669814674,1590.937596942521,204.80494692371036,1647.5932735920178,455.0702338124407,0.0,11.41619129881433,50.4858245782447,375.79115028110937,0.0,1008.556102256624,0.0,24.91756446402058,1168.6830552195406,0.0,23.947389868692117,332.9083713515038,2538.0104827695764,1780.338930089855,9.583593709570808,0.0,0.0,3.147603218995911,333.9176600749794,0.0,0.005388008963944237,0.0,0.29365500331380046,0.46809205371218193,469714.68543888035
7.14109827342876,1252.9885299614662,86.47803804140368,54.23611624856952,0.0,422.68360344451617,1228.220975068821,658.0171497464976,0.0,6.5499231907756394,0.0,404.8759379793093,0.0,2004.5908081694515,0.0,3.967052091363737,1437.485640034824,0.0,0.0,117.42261790955362,0.0,1581.1551792678686,0.0,0.0,0.7617743049244994,0.830001466935582,298.76300857750266,0.0,0.0014097633715006062,0.0,0.53653770411732,0.07851464881234342,444811.2550792919
0.0,306.829222396925,52.54877728422338,33.53095218522098,1364.350901552992,53.59660895510868,45.922519640756654,927.8844313938203,0.0,5.6538962939613135,0.0,0.0,0.0,0.0,0.0,0.6918766093450808,1003.3878798216698,0.0,0.0,42.34793112399424,3079.506589055976,2757.3913719253073,0.0,0.0,1.2041407169930705,0.49479478223810175,118.9025904718894,0.0,0.0019577597822968374,0.0,0.0,0.0,418293.1643769996
163.51687456442883,530.616294442302,31.529266370534025,0.0,1930.0425950300198,0.0,441.8203046483615,497.82729774417885,854.2894208820176,0.8277419475713295,0.0,377.7400316689298,0.0,2078.0349384859132,0.0,0.0,998.2902260765156,535.8829603741319,0.0,16.84278605843318,2638.050652364736,0.0,12.268669532654465,0.0,0.0,0.0,22.886099633353588,0.008155610113188912,0.0,0.0,0.0,0.0390151226969187,404615.5780641233
2.295050634872256,1772.6868209694853,18.917559822320417,0.0,1906.3658046180892,65.84634586571157,494.8771474460941,188.65039158399838,1139.4485532480621,0.0,0.0,360.1949372016052,0.0,1589.406657807527,0.0,0.0,1372.5307940213868,1285.7696163828073,0.0,103.16231205380943,1904.4678241825254,2226.1687420996736,11.859659627695141,0.0,0.27840079976936194,5.057722807888114,0.0,0.0,0.0,0.0,0.0,0.0,392296.5927238655
1.091619563913148,319.36861198525935,11.350535893392248,0.0,2063.0806229513946,0.0,527.7996863668864,1090.0632020515034,1793.708190235263,0.0,0.0,379.6083490725555,0.0,1722.2838077154809,0.0,0.0,1324.1615402351936,1275.7522900323893,0.0,272.69164843751145,2761.7245971354437,2915.1717045313953,0.0,0.0,0.0,1.6611477451051095,0.0,0.0,0.0,0.0,0.0,0.0,375368.07028704614
0.0,376.7519879058572,6.810321536035349,0.0,0.0,39.606577549517446,1466.7435693020104,654.8348248535658,1905.720808927296,0.0,0.0,358.6858876268219,0.0,1730.3578193346184,0.0,0.0,1206.9257398822854,3485.196151164343,0.0,338.70793901431347,2703.1272526364514,2121.497515229587,2.90562898064896,1.6635359919141988,1.194197841444671,1.8873083802519068,0.0,0.0,0.0,0.0,1.0083256726716667,0.0,363077.3754098653
132.48060274718688,385.9612411636066,4.086192921621209,0.0,2060.5242326148823,132.63655870101232,193.64521402833603,480.49986865204374,606.6164427486111,0.0,0.0,0.0,0.0,988.9333511089528,0.0,0.0,992.0373796857743,3481.0966965821713,0.0,762.8170364170247,2514.882954322474,0.0,1.1240282301640514,1.7299980655242844,0.0,4.331877382995428,0.0,0.0,0.0,0.0,0.2862710756260243,0.0,356774.2048985206
0.0,368.71927352184167,2.451715752972725,0.0,1559.7632540437492,286.37796595987214,446.3402330151956,328.90890719863955,1790.864035103247,0.0,0.0,368.9100437142953,0.0,1100.6452372298136,0.0,0.0,754.6656898637057,4306.368256300538,0.0,931.7237137122019,2676.962668886601,1599.161013637144,0.0,1.2094341891861635,0.0,0.012833000826571756,0.0,0.0,0.0,0.0,0.7407492726606888,0.0,352601.1941201707
114.8019536964348,379.1054821024944,1.471029451783635,0.0,2392.1368440270508,0.0,27.840824818344487,0.0,0.0,0.0,0.0,435.8834198736671,0.0,0.0,0.0,0.0,615.8658822235099,5020.770059974899,0.0,1147.835594435188,2167.9721625434104,2049.0990706458515,0.0,1.0602305014218116,0.0,1.6897820967436725,0.0,0.0,0.0,0.0,0.0,0.0,339586.06314772496
430.5778289116458,1095.3026861280575,0.8826176710701811,0.0,0.0,410.9754897854835,1042.9874394171663,136.85476419305874,0.0,0.0,0.0,337.6581789259161,19.875241370680993,0.0,0.0,0.0,676.8836605610362,4297.918036470283,0.0,1362.8727865552305,0.0,0.0,0.0,0.8099513039403292,0.0,1.1207526212373888,0.0,0.0,0.0,0.0,0.0,0.0,339403.8136057289
205.65688588564572,1557.158669089224,0.5295706026421086,0.0,1591.6214705038758,0.0,1033.454147807939,0.0,0.0,0.0,0.0,420.78566548403677,57.254169850595716,0.0,0.0,0.0,462.760229529003,5339.217177415399,0.0,1318.7743394817292,2829.6895743173704,0.0,9.149352402819984,0.8605958854775674,0.0,8.575505778441332,0.0,0.0,0.0,0.0,0.0,0.0,335907.5915172566
47.794489304841214,2344.4405832410635,0.31774236158526514,0.0,1963.1908296106974,784.7320344271507,96.01061424343226,0.0,0.0,0.0,0.0,425.1342748403027,60.69225227413054,0.0,0.0,0.0,0.0,4151.027548324536,0.0,1488.5688201307084,1875.2707431029035,1818.0639194186306,6.197996018892594,0.6351657978431737,0.0,0.0,0.0,0.0,0.0,0.0,0.0,0.0,341802.2560779384
251.10604375883344,921.6943218875833,0.19064541695115908,0.0,2096.7380732684305,406.5405159253946,668.967318586778,337.5354327848603,2047.2174112577363,0.0,0.0,311.51671813502253,146.8095019097021,0.0,0.08567818218632865,0.0,897.5577459700175,3033.252635837124,0.0,1342.6124840918355,2489.9046134766563,1992.2938565837762,16.325206560654912,1.3094656104268805,0.0,5.985425604971865,0.0,0.0,0.0,0.0,0.0,0.0,354522.8658425774
909.7725142602322,333.4766828414662,0.11438725017069545,0.0,1426.691076355803,275.52954925991884,1054.2602135904156,388.63313813808105,1933.9101215388146,0.0,0.0,0.0,0.0,0.0,30.195407489402548,0.0,415.08058885450396,2978.9493156048948,13.025159785984041,1083.0304671568142,1705.945531184602,0.0,39.389607863340885,0.0,1.4739882595870508,4.863210080963904,0.0,0.0,0.0,0.0,0.0,0.0,360978.9086002796
122.0201130363757,1026.8878098609914,0.06863235010241726,0.0,1754.291213732292,287.32145798997226,0.0,690.4479941548291,1629.1870911326487,0.0,51.50779203996273,463.6168099135275,0.0,0.0,15.249103118153451,0.0,614.7757209719354,2460.194553133486,83.49017693056973,1023.1911754752531,2894.3208442020414,0.0,43.4658601410361,0.0,2.3346336987925627,0.0,0.0,0.0,0.0,0.0,0.0,0.0,376136.0023734865
252.06291855333524,1588.4750174757305,7.457799839338464,2.485341875283191,1592.1491945908622,75.90102365075138,0.0,0.0,1676.688707972164,0.0,231.67963575424872,398.6938976429921,0.0,0.0,12.034228664702054,0.0,1391.0671831320703,3198.3537708070435,100.42980683864968,968.3729270685735,1899.4923752528073,1887.523827738765,55.04406849799223,0.0,0.0,0.0,0.0,0.0,0.0,0.0,0.0,0.0,402369.9792736991
0.0,2190.7991754730688,35.823216406864304,58.28649535856265,2015.1399453209565,0.0,750.4581596474891,0.0,1598.7048012850005,1.9660462769390492,245.27552498169067,461.03315804099833,57.25604748424833,1444.7233286813055,0.0,0.0,1761.2097695535463,2735.089169279649,155.51690607266818,1075.7774170919593,2224.152958861884,1777.6360635755016,35.2579790759458,0.0,1.4323398457859267,0.0,116.81494793939638,0.11980444178150672,0.002191727851833431,0.0,0.0,0.08397927499067155,440234.57047667913
890.283071764778,446.40379091683707,52.547952533057064,103.89709454820583,1825.3944706089403,43.922354299663134,520.3967358555589,0.0,0.0,1.6799506387424294,619.4122496013895,432.2969173664721,0.0,1440.3691750997375,0.0,0.0,1118.7780540278354,3362.3942089257844,249.96583535652383,1037.5925835362998,0.0,2499.5377579103674,66.7936632156544,0.0,0.0,0.0,172.75121778067802,0.3427571699128211,0.006767588669233711,0.0,0.0,0.10414234273761593,452286.2788707467
102.68026567970864,658.4228648160602,101.72941137303893,126.32964706060218,0.0,0.0,0.0,32.62168037135208,1260.9022712717274,4.930758374423691,568.1542460036078,322.41784439203025,7.0386770736878015,1379.5665704885234,0.0,0.0,1584.7765816333604,5032.448484199589,251.44627445372035,1170.986645688026,3458.788389412498,1510.820559649429,51.50130139411297,0.0,0.0,0.0,369.3597178363555,0.774050337555256,0.009205867829990902,0.0,0.0,0.40570642695175674,462309.0658758532
0.0,994.2328122081658,85.13300372831075,0.0,0.0,95.39162735877707,822.5549122957715,182.18132541728716,1381.4967459162044,7.557294495494614,689.3688529522141,296.3861778340747,91.8727334054314,1310.3899081269585,0.0,0.0,612.3830918379055,3362.369866616293,92.80247510555866,1344.700126948979,2025.9862518320413,2041.5109713699558,56.79846663283152,0.0,0.0,0.0,182.38603370864013,0.6606491542838107,0.004151171599475759,0.0,0.9638299286099883,0.0,460802.1825904832
0.0,1732.802795745441,135.0662069090404,0.0,1983.6928080553155,151.3685995167489,302.68097499589913,0.0,0.0,11.594224172139919,94.45096666399893,470.717609157851,76.42052772182353,1802.790541678261,35.27500454726281,23.69938247667759,1046.4051136943428,3778.433758646889,131.29129157346458,1248.9664547710702,2454.3131865724276,0.0,7.536000432476811,0.0,0.0,1.856797455216744,361.07041902894133,0.8598258287260359,0.006900123718018115,0.0,0.0,0.0,476265.1623363425
72.45703277775239,1331.7528133269625,88.84657358598302,0.0,1949.001918119245,243.1368529561737,0.0,0.0,0.0,10.034440214507814,116.85989845980941,503.4616509758187,31.740669967532693,1645.3311366729495,79.48733489442657,0.0,105.71709031716703,720.8095804483632,197.42288442502863,1152.7764166324214,2631.9092926870394,2374.15685710533,9.57422480244099,0.0,0.0,0.0,39.34172576797301,0.1768422160910838,0.012052752744674291,0.0,2.08335102074295,0.0,471964.6518056677
90.55675856013708,1971.3715931823576,147.352003654084,0.0,0.0,0.0,0.0,0.0,1821.9317069186377,16.780742522860482,125.49067961594879,0.0,0.0,1727.038528997304,121.53763148666486,16.798830992112475,0.0,2858.8805522078214,78.76374047009342,674.4644424737673,3270.7067078919054,2084.75554770244,11.223473338829065,0.0,0.0,1.331951328064589,0.0,0.7115230205041476,0.005635813713702058,0.0,1.6448452261794557,0.0,462653.6336253118
258.14271988986013,1738.332627193743,58.41283295408404,0.0,0.0,333.93101314752147,0.0,166.87446843993726,1942.1186595386025,15.369450482856566,0.0,346.91583811450886,0.0,1381.0043798851332,81.698278709753,63.68648598290949,0.0,2444.9829348357375,66.23139417635495,954.2753231909339,0.0,2188.0167784520063,0.0,0.0,0.0,5.56754797845491,0.0,0.5821108914474232,0.005751908145819395,0.0,0.2114118288226705,0.08785474011471253,461500.9988147585
553.791135053727,224.91196400033016,29.746209414406593,104.16303863803354,1879.4186580822247,377.1014751506932,0.0,0.0,530.5477831249781,11.134892560213242,0.0,419.43104427808544,0.0,0.0,26.21498388208981,0.0,0.0,5788.876533426823,0.0,833.5215819753812,1953.8947790175168,2389.682874765263,0.0,0.0,0.0,0.0,0.0,1.2368636389952876,0.0,0.0,2.2987166090141016,0.027529995079958007,468825.0196508034
234.68690826401388,286.3448169679858,25.59600939897242,0.0,1791.3098817545063,395.46748466052327,0.0,495.58623567087375,1173.440864108857,12.247750721802653,0.0,356.35256199060757,0.0,0.0,0.16041436266830353,9.26655291027978,0.0,2445.1500921996662,0.0,1342.877576116507,2184.9578183324725,1536.0987471367803,0.0,1.686201839209211,0.0,1.2762884610728635,0.0,0.4330661103052151,0.0,0.0,1.9555466137944957,0.17483197640189024,449869.71442402294
290.7838623515493,317.3141893500173,26.79536465874887,107.9794857666281,1804.7025932435947,259.36483619276487,252.3702563638384,141.1469598965912,1030.2054411233587,7.839603895447556,53.873465339152574,476.80726465976954,0.0,1707.636132886556,0.0,0.0,10.449734485893403,4607.688713325655,0.0,989.1500842122169,0.0,2242.3101869605593,27.847775737323904,0.9388854157291091,0.0,0.0,2.0738687985300763,0.601843297264336,0.008308782199355741,0.0,0.7204246306066512,0.2327793847319969,441335.26623433304
352.5839771785756,1761.7304475709536,21.192711534184838,22.42258556634424,1770.5627279640562,189.26147531018464,0.0,410.40141805547,1607.5287780769831,5.562620932187643,0.0,426.6184670976188,0.0,1555.317451197935,0.0,2.2773515651320975,0.0,4549.372014492805,0.0,1220.095296880977,2902.9294978584767,2931.9832059468763,7.89308540323993,0.0,0.0,1.5027892335108066,0.0,0.34992328281096324,0.0042655662258869785,0.0,0.0,0.19539265934055008,433666.1300778085
241.8192724359818,509.9487378597808,11.870847934018698,0.0,0.0,70.21156359151662,120.69024855383621,493.25600961679226,847.1116428322154,1.5939912819656152,0.0,468.0442717207451,0.0,1493.5738211313435,0.0,0.0,444.24895004115484,1321.586887918628,0.0,1306.892432606435,2854.8022529391505,1789.2514985206735,0.0,0.0,0.0,1.356885915811669,12.932882065992203,0.025304758565604216,0.0005824845669819102,0.0,0.0,0.043227670147080406,413044.7416734117
0.0,1425.8346954340795,7.122508760411219,0.0,2223.487454522287,300.6205816971586,185.1895300449028,880.7298231890326,0.0,0.0,0.0,356.19996547062453,0.0,1218.6966268977822,0.0,0.0,535.6461547160668,1624.752727193661,0.0,760.6311858037957,3238.9865198352973,0.0,9.678777338303965,0.0,0.0,6.243852234030379,0.0,0.0,0.0,0.0,0.0,0.0,392518.9500662377
0.0,444.1944239912108,4.2735052562467315,0.0,2189.9288831762046,125.22711455164054,1515.838805596283,1089.3141176508211,1184.736466973397,0.0,0.0,325.82650211806316,0.0,1366.5033249713467,0.0,0.0,832.4927809030781,1572.0563415559068,0.0,596.7039657439312,0.0,2215.4543116419727,0.0,0.0,0.0,0.0,0.0,0.0,0.0,0.0,0.0,0.0,377828.53956017946
0.0,134.80463685623397,2.5641031537480385,0.0,0.0,324.0800885824799,1042.3972292241958,1380.9301519401522,1737.4714120121116,0.0,0.0,0.0,0.0,1312.17866708185,0.0,0.0,365.52163546085364,1240.6036892436737,0.0,521.6503279622797,2610.675309565286,2333.883132350738,23.181213469739866,0.0,0.0,8.573324297591734,0.0,0.0,0.0,0.0,1.0612441305739844,0.0,357573.11819462955
0.0,302.3593923257777,1.5384618922488231,0.0,1934.1841338062734,466.14100870580285,1892.2667266994936,687.4285193390098,1340.9211505992319,0.0,0.0,0.0,0.0,1705.4777521985254,0.0,0.0,206.6764038950267,2374.720907707444,0.0,431.9683053133985,3201.9120940699186,1556.1753094226765,0.0,0.0,0.0,14.27891290085498,0.0,0.0,0.0,0.0,1.4676403328481875,0.0,345686.306074762
316.0537225623524,463.97210795778074,0.9230771353492939,0.0,2110.0674166122517,362.0194003787759,778.1785177267418,587.0633204596015,1657.3294102724071,0.0,0.0,414.4857014385263,0.0,1432.1536496199215,0.0,0.0,213.81374848607518,0.0,0.0,600.2369140353181,2136.2745905023703,1053.0884684131413,11.733519781125056,0.0,0.0,11.569408311374522,0.0,0.0,0.0,0.0,1.8190148534068764,0.0,351040.1319657662
251.6883813016659,337.2947620526917,0.5538462812095764,0.0,1842.8617412054712,526.99413190544,1542.6334989924178,459.9136060530022,0.0,0.0,0.0,386.6851879915528,0.0,0.0,0.0,0.0,78.77299566268611,1214.2775655927253,0.0,240.09470559704388,1787.000711348433,1649.4227914151156,0.0,0.0,0.0,9.926954765691562,0.0,0.0,0.0,0.0,1.4320388526774075,0.0,341716.0223873556
168.10537713382934,280.02999674887286,0.3323077687257458,0.0,1946.6767105614763,292.11554902137055,2223.493549442771,582.0687072527999,0.0,0.0,0.0,398.43906066771206,3.824313061015545,1528.516621526761,0.0,0.0,465.889573449562,90.80634129379834,0.0,314.6078230395289,2731.3812666213958,1857.6857276100586,6.5588020523432915,0.0,0.0,16.992489360346596,0.0,0.0,0.0,0.0,0.4821517236845073,0.0,333259.5975786158
240.07605226980712,1155.6591849815964,0.19938466123544746,0.0,1804.5063790943852,499.7145480792969,1957.1671534015904,646.6900676019849,1467.7445711564467,0.0,0.0,400.1777902838796,82.17085145464722,1111.0698698691801,0.0,0.0,0.0,0.0,0.0,142.18826329660257,3623.341625102752,0.0,21.32973958657359,0.0,0.0,11.021167828230066,0.0,0.0,0.0,0.0,0.3166725564192264,0.0,337931.44686768437
446.44752492698154,2592.203517507142,0.11963079674126847,0.0,0.0,308.70587409309826,1388.9145492796918,533.698597664136,822.3789773246514,0.0,0.0,447.25461562587634,140.63097643234786,0.0,0.0,0.0,597.256825260765,0.0,0.0,56.87530274540858,1933.9788713506932,2136.6929267440455,5.643028451889897,0.0,0.0,16.579974012977743,0.0,0.0,0.0,0.0,0.6562702695465772,0.0,338435.3829360262
231.86432482027774,2710.774172982207,0.07177847804476108,0.0,0.0,205.1233872753443,1672.4985559026418,273.09739324899095,1057.3244100998631,0.0,0.0,405.4085346024394,0.0,1254.4189660320724,0.0,0.0,1011.3374709840823,1056.2605910690431,0.0,22.75012019753208,2220.2526879891398,2388.0655879192072,38.74175686519728,0.0,0.0,21.368931589825475,0.0,0.0,0.0,0.0,0.0,0.0,339030.33751481876
0.0,2762.4388021574714,0.04306708682685664,0.0,1036.9550676190916,531.5496280075286,0.0,564.8610328089834,621.9979072025358,0.0,0.0,0.0,162.53722871578603,1859.6597486507703,16.26752122700685,0.0,617.6688337753499,3500.255194259377,0.0,199.22695415621962,0.0,1938.901822801558,54.97181148072678,0.0,0.0,21.45211592097911,0.0,0.0,0.0,1.1301828388593604,0.0,0.0,349804.9851670972
335.78873785239057,2127.066786185439,0.025840252096113986,0.0,1453.5711081605552,360.23321603602426,663.2082506168002,118.50294560657619,1525.1040639964124,0.0,34.036438821049096,0.0,163.22599563748471,1389.2369425497793,4.618144297355823,0.0,0.0,1798.5328458003792,0.0,743.6775839755315,0.0,1433.0741616785415,43.21420571243689,0.0,0.0,18.072253176455376,0.0,0.0,0.0,1.3519165667945312,0.0,0.0,355726.46298172325
590.6952357214683,1268.4545180933537,13.786220427445926,0.0,1868.2437796933111,265.4922461649714,1700.308974246196,0.0,0.0,0.0,166.233389305313,0.0,419.9544429911209,0.0,0.0,16.569669510919404,793.5174102471846,981.7635624517097,41.540221049422115,640.5896647136143,0.0,1685.7209205767617,48.470301780790436,0.0,0.0,12.477899826268777,0.0,0.0,0.0,0.0,0.0,0.0,383039.0468925453
1321.0016399696326,1139.7382446765325,51.0811437758881,0.0,1754.3948079052207,42.465505586218875,2494.3665114895407,423.3890063636982,610.3878183525406,0.0,156.76145040458442,0.0,281.6989418929691,0.0,0.0,54.688961173412025,254.49699265981081,1071.8902573115622,10.62366708017819,424.75450727892047,0.0,0.0,26.805337836385025,0.0,0.0,13.27138165678436,13.697787887888394,0.03777857524790816,0.00013426510753196264,0.0,0.0,0.04965956776043848,396441.4799408864
822.3927896778192,533.9096495008977,109.0376554946905,0.0,2184.656183941459,426.7604200948008,553.327386522674,249.2912599698391,1191.7447891069608,3.7565153086658296,537.6400065476515,381.9950644340282,143.3282137216212,1084.5673320165124,0.0,85.40359988494586,111.64687549491333,1355.6789174281635,167.13065928352367,363.8676479462439,0.0,2452.7201908914503,67.99786274454058,0.0,0.0015313616180486767,12.833941469609929,15.174191670676723,0.1206182493916166,0.004361794138526233,0.0,0.0,0.0,452412.8063518428
488.5593738290174,194.27197961462252,88.64340520399182,0.0,1852.5923741619397,430.2259430872324,1889.9796213107795,437.5287750197221,0.0,0.0,835.085266093535,389.93619438392693,37.515261574066486,1044.2792704784579,9.42626309049191,217.01001317806876,281.4141111759524,974.6189136930844,160.30140140346822,454.4202654324631,3477.176413125436,2269.2479601449077,87.98923822935609,0.0,3.153563846684802,24.70099632178091,59.015744239940936,0.13375946950677198,0.005744902073060363,0.0,0.0,0.0826648239375852,465351.2059336556
569.4867250597064,1418.515744672424,160.8413496022918,79.54758465804642,1888.720895224957,0.0,951.3487383580292,0.0,0.0,0.0,926.5824689419364,351.325664746034,0.0,0.0,83.44303131864692,266.6986789555975,931.3026913894179,1431.063444488968,238.5618715766461,509.1410340135978,2054.4448599028833,1605.687404237816,88.12784627354262,0.0,2.2625225123859583,25.657761370270762,252.40234038723838,0.25374667776784066,0.0105044231982086,0.0,0.0,0.18118295071802698,492108.99460226
104.80869300656039,1848.7154289681653,151.80826828034125,23.985676957512226,0.0,0.0,1424.2250653557048,28.655952209522635,1117.2200325969975,0.0,1201.1753672156826,411.94518275116377,0.0,0.0,62.89638195421445,265.7952422895896,1159.2407626419222,3545.1056733557843,219.28294602592004,493.36180446750336,2638.9684004782234,2299.9680296558354,109.96324045311171,0.0,1.3933847444592866,23.329401126605607,366.76457087756523,0.7335908645684186,0.011368744516120348,0.0,0.0,0.0,495770.04048409325
733.3971085412772,2253.0556856420985,184.79179137956658,44.49313518778601,1239.9854673290442,0.0,620.0352411537611,57.956911135831476,2022.0767517552922,0.0,1063.8344650231145,438.3045061350941,0.0,1270.0251923985413,138.21142220772808,204.28637766369488,1520.706169791454,1466.1791368775948,250.54911907301548,833.6749286705485,2436.4943320179314,1417.8967245621097,99.41124618123213,0.0,0.0,17.417298787644388,522.0271411203546,0.32909297125720344,0.015091951668106592,0.0,0.0,0.42228414922547647,504377.48775498115
227.69730009026452,2930.5615813684826,189.3565132377535,43.500917141639775,1811.001377604735,0.0,1793.2309034017185,447.34077678409,1614.5632931130708,0.7034207978285653,855.153919516621,0.0,0.0,1734.9526850630537,54.25553641484043,147.19467021402303,1445.863775240449,2992.2057314592453,113.89687581953324,697.955201784233,0.0,0.0,87.01303778939332,0.0,1.7992814652946283,12.95178402286633,506.3046441283817,0.6849097260881157,0.008075916026112706,0.0,0.0,0.10253601819689272,501183.3085167193
43.64410646254088,998.0529955266379,248.85336029903294,5.214055430586586,1663.11507119833,58.646461319093966,1719.475424941665,638.9186859956197,1961.0354195571379,0.2865273627872474,896.1287477929753,0.0,0.0,1052.5303934215713,84.90797230120485,205.68126137900776,2149.5174643538267,2928.8143783210735,9.353177156698454,936.6288589457791,0.0,1760.4921948054669,106.48196963982755,0.0,0.0,19.874444524293747,722.7678033260834,0.6435485509944611,0.0008026516958559542,0.0,0.0,0.9928794821259003,495648.04143593466
320.8378573369406,1080.161550208273,195.8796097372578,0.0,0.0,0.0,909.9631599106211,459.52630919109106,1774.7951850131083,13.309831522652836,353.23709409960037,425.081584023125,0.0,1289.00372201291,23.602196668918527,130.04136796727556,2088.785560151048,2822.168429012236,0.0,846.9592292182481,0.0,1787.8396289335365,54.0627187804438,0.0,0.0,14.868504419317498,632.9905722474687,0.5587184374449424,0.0,0.0,0.0,0.5098556557364782,504788.4468208767
233.03581869774297,456.89466931759966,147.6273767544336,32.49220532226669,0.0,570.7077274494835,1806.1775833981903,930.0359038469503,1693.5650636457367,4.351303468447949,217.54590324269554,420.47126012330017,0.0,1653.8694487923963,0.4796590450604254,136.1341126805298,1795.608480961871,1962.3518709136247,0.0,846.2096706338712,2127.6149287375656,1835.6255432879075,50.655755960033595,0.0,0.0,20.46305185821458,453.5358940937012,0.3237124197850216,0.0,0.0,0.0,0.0,513470.29310138663
506.4689217396054,1932.237471953849,108.07691266870485,77.8790897635648,929.3057467114276,147.94263984032796,533.3968270431999,756.9465415113616,0.0,8.6830068047644,83.79367217626977,444.4706438336328,0.0,1775.3580372499696,0.0,77.88223594297166,2069.0040130787265,4274.490315465363,0.0,691.5096866215301,2684.229282774507,1821.1051787493036,45.78908351941066,0.0,0.0,18.574905436046187,388.6857555423164,0.5243008873143107,0.0,0.0,0.0,0.26091635110526296,516854.6409705553
866.4957578716007,1302.341869487749,26.32856031631528,59.62504048552074,1932.6948027500105,0.0,0.0,391.95513338385524,0.0,6.465148264657184,0.0,379.23549427407374,0.0,0.0,0.0,29.973319142606705,1023.9762556645348,2748.5369412397395,0.0,1045.9429999936128,2076.192662327092,2277.5698481749428,0.973817574054819,0.0,0.0,19.838527423299013,115.3898503747919,0.20216943036553034,0.0,0.0,0.0,0.2805544849002395,503971.95720518293
0.0,450.2563804523801,11.751511661492852,0.0,1708.4489493385572,117.69051582583123,2030.9501996338622,273.4251802291518,0.0,1.4729746042657041,0.0,314.55415772353433,0.0,1282.097205381981,0.0,0.0,1937.119862461812,2957.182697067586,0.0,913.0896534170306,1476.7717405075996,0.0,29.67933783286289,0.0,0.0,13.233603039178288,60.912152514716546,0.060679183784541464,0.0,0.0,1.13206905417757,0.10345443990225262,475130.22265089594
547.6885455659552,318.430597871082,7.050906996895711,0.0,1416.452701918242,102.70972524940241,0.0,166.51593720275974,0.0,0.0,0.0,396.04903336450275,0.0,1849.6155150427878,0.0,0.0,1471.5730386115063,5278.245154841329,0.0,897.5202782377291,3158.9563433192957,2000.878522314174,33.694310695057034,0.0,0.0,9.645787843205463,0.0,0.0,0.0,0.0,0.6058030006252664,0.0,453152.1039411781
44.59059630554836,431.04689401978857,4.2305441981374265,0.0,1925.6987964369557,8.319785287344562,0.0,386.0245672845299,1632.0111511538698,0.0,0.0,0.0,0.0,0.0,0.0,0.0,1870.5872020356178,6316.855036007287,0.0,1309.0892751560937,2913.8811133283684,826.7253593594326,24.105662723322805,2.043229462167287,0.0,10.974963255025191,0.0,0.0,0.0,0.0,0.706495098804442,0.0,428995.7306958514
0.0,1209.8961746399261,2.5383265188824558,0.0,2024.4313539191344,137.69803440028775,79.84431481357177,147.7998821444292,1652.9574048876882,0.0,0.0,0.0,0.0,1432.2714431165564,0.0,0.0,2140.7974417647915,6504.315377762518,0.0,1660.6685791400962,2447.0113168653697,1457.1415110120056,21.947047292619132,0.2995810133908694,0.0,10.565375447486922,0.0,0.0,0.0,0.0,0.3067986463554845,0.0,417185.11063884944
677.379455838397,380.08510810082385,1.5229959113294735,0.0,1755.1331773056995,409.2734462045544,460.6207107529752,0.0,1794.8179405335195,0.0,0.0,0.0,0.0,1714.3585925790994,0.0,0.0,1412.6660245163475,6790.779483838408,0.0,1835.043836562013,2816.9855375829875,1569.5870410020739,4.6109519457874555,0.8665072572297886,0.0,6.412457885549491,0.0,0.0,0.0,0.0,3.2099498188617734,0.0,406097.0934745084
790.6446490891151,1330.7303733640344,0.9137975467976841,0.0,0.0,519.037795270108,393.8661908566296,0.0,1922.5833461768982,0.0,0.0,0.0,0.0,1698.1872414125337,0.0,0.0,1655.0547443946793,6080.662247898797,0.0,1956.3577146337711,0.0,2281.9309590922385,9.703496747960633,0.6022644698213118,0.0,0.13354354413422595,0.0,0.0,0.0,1.6946125226820985,0.0,0.0,395810.00300878176
1657.2401165958586,1409.8892962529794,0.5482785280786104,0.0,0.0,629.9785951173977,299.7640702303433,0.0,2692.725943695459,0.0,0.0,0.0,0.0,1090.5925016967803,0.0,0.0,1480.9682056548381,4273.134514141336,0.0,1877.0622459966103,2626.445284043015,1456.0914065552156,0.0,2.129094898293887,0.0,1.9355512080667447,0.0,0.0,0.0,1.4458838363030673,1.1427065542028938,0.0,390035.5915731165
855.2008912126204,682.329243164756,0.32896711684716623,0.0,1239.8557249994844,388.4419251390234,705.9943062833565,40.779234351477754,1676.8764740326674,0.0,0.0,381.53813232807505,4.79659675272923,1922.0896358177215,0.0,0.0,1936.964128507097,5276.870670707572,0.0,1519.989095376546,2165.7446149761754,0.0,19.07046729376953,0.4012925203622867,0.0,0.0,0.0,0.0,0.0,0.9135275222871821,0.0,0.0,396494.9830215395
1061.340515559904,1022.3293911846439,0.19738027010829975,0.0,2098.9421509805993,488.1739259736024,1789.3612522224812,0.0,1197.014431668631,0.0,0.0,437.37367680655643,13.624949395836463,1363.57650904795,0.0,0.0,1492.2022731523548,4892.479371553382,0.0,1557.832353429343,1589.7772402657563,0.0,7.146627261364317,0.0,0.0,0.0,0.0,0.0,0.0,0.8398941138665557,0.0,0.0,394121.83452728705
1284.6737175506628,251.41891661098276,0.11842816206497984,0.0,2069.603204847075,841.3360197193474,2377.5907747675574,0.0,0.0,0.0,0.0,0.0,43.81725547157459,1986.706874092891,0.0,0.0,942.5047809438571,5597.141339391464,0.0,1503.7792263443223,2533.6131936004617,1864.869829561762,29.864026211411762,0.0,0.0,0.0,0.0,0.0,0.0,0.0,0.0,0.0,390797.2156941968
942.7875130783835,2715.587254216709,0.0710568972389879,0.0,1958.0777980103503,591.624802257629,2972.555812058838,0.0,1732.6851490697,0.0,0.0,334.23709170437127,0.0,0.0,0.0,0.0,852.7733308078444,5615.920006226181,0.0,1608.997130960734,1994.4240694449948,1509.9707828237836,0.0,0.0,0.0,8.031349144122235,0.0,0.0,0.0,0.0,0.0,0.0,401220.9094693363
870.3670721782993,1264.9963923882017,0.04263413834339274,0.0,1734.2194929831157,697.2040532621883,3997.0098991296163,0.0,1176.1469504563054,0.0,0.0,424.80835078951765,195.23802357189794,0.0,3.2653745284831346,0.0,1176.1237438710598,3653.9041990167566,4.927517276942401,1654.4644532713958,3205.726010263611,2066.2345076265565,0.0,0.0,0.0,4.140143063162578,0.0,0.0,0.0,0.0,0.0,0.0,404576.93383084866
981.798091506973,2156.2529504106597,0.025580483006035645,0.0,2447.912899665821,261.10233237107997,2231.033935892881,761.0752378380788,1800.2524260307384,0.0,0.0,387.864806409965,227.92693123416848,0.0,37.667116281075344,0.0,1532.6315854581508,3775.034767303939,35.79502374740636,1323.0184276353355,3306.1794336169746,1805.2463819806917,0.0,0.0,1.4910097943336689,2.487650014910566,0.0,0.0,0.0,0.0,0.0,0.0,427983.62005317584
650.6712193315147,3487.1892327539604,7.459915117957858,0.0,0.0,49.920857069914355,2102.5236161349044,964.393387711225,1611.1226939698602,0.0,199.4608536547863,401.92272439032973,411.2166224769138,0.0,0.0,7.859079576035031,1058.0838452168116,2767.939908191089,36.498274509667354,1251.1727189781818,2107.703926919363,2163.660693557084,68.5249595476391,0.0,0.8080678188933266,7.396081506581848,0.0,0.0,0.0,0.0,0.0,0.0,449113.62117255706
864.5154089792305,3170.1580981278803,15.558308791889905,31.187644742825366,1641.4779975764677,331.33993750471285,145.52185408279385,1031.9512522617003,0.0,1.2737477463973852,55.68904248080977,410.7750716502354,568.4225277235421,0.0,18.849696236867157,22.29656138165164,774.1653788064478,3568.8664819872897,174.3908420613321,1039.1896702092647,0.0,2246.096076071887,10.993353519326348,0.0,1.1224991638901285,6.19282208368793,35.50104010729261,0.10639336143044452,0.0020461058678380582,0.0,0.0,0.05107933361185125,480657.6611481138
1377.2618410907528,3400.093642976495,47.69936478432394,45.749304709438725,1882.3051712935858,667.7346279736227,1423.9169373464313,41.623222969367355,0.0,6.41205637630406,528.7126401056493,0.0,619.7432556431733,0.0,78.78257391191987,36.780803844123824,895.0224374200362,2730.310461250559,106.72636220222984,1078.4625028734777,2506.608328919088,0.0,76.5084790800309,0.0,0.0,6.220588674278619,109.69489712078979,0.2174850355015787,0.0027214512580072603,0.0,0.0,0.15751985132531715,521836.09649004386
652.2400914773697,4312.888880750599,73.63204237495533,175.26909530619378,1872.4544441414582,283.69077232461035,1754.7186956646658,1011.2038557810786,0.0,9.321811047353965,498.4419277975431,0.0,473.672970363091,2087.47874935008,17.650329784163862,49.19481147723628,0.0,3474.540317743107,254.33770623223072,972.8848621231087,2857.7307357398495,1045.3386424459277,59.75097187363645,0.0,0.4074129254406027,6.252206361087051,0.0,0.4330169864231973,0.00899552244393508,0.0,0.0,0.5273733630304346,536007.9604305343
0.0,5631.4259187239895,43.803513765398165,272.77214657538644,1743.8081758951296,729.5714075707493,2265.1462767448947,372.55059573115983,0.0,11.977018531170907,834.1898842719019,390.8767391546289,382.0548632378001,1416.9447548397666,0.0,218.04937073724292,119.57053880879339,2962.0768858075467,75.29953424995847,1236.7809401244012,2136.005871008417,2216.801397311876,89.87616726952133,0.0,1.4457337210586305,23.30223115770827,29.849081798514682,0.4803366422045082,0.0032839281026970507,0.0,0.0,0.8028095809905308,548029.0659702079
568.5114588841776,4632.200365036638,92.14673322952447,220.4417178571211,2031.6550467812972,288.99202177387895,0.0,267.2318625267044,2156.9066961934473,21.22929172099087,579.2722241898357,442.61191607272474,146.97689805648903,1738.7624051934981,48.8842993354832,194.41122154475994,0.0,2790.21614500826,187.46603421236102,1188.3595000804053,2143.15120867501,0.0,59.845158438145965,0.0,1.2782204477684034,18.879174064488126,0.0,0.530554992675001,0.009639655828854577,0.0,0.0,1.0736485985633595,562109.3914814465
512.9828761226413,6583.0019185339315,33.54477743118786,152.47471424002748,1722.3298002276938,0.0,665.038176636336,354.9564746796739,1708.5041358852764,11.877022741326755,708.6866907713821,300.2471720533858,115.01705180782433,1751.9449913175163,96.81828610075313,193.93241853059018,0.0,1744.5526117459335,245.06593930421425,1257.7094005979047,1758.60836393247,0.0,74.45951241122624,0.0,0.09457686819459632,18.228638345839535,0.0,0.36117346100759207,0.014643515797716038,0.0,0.0,1.3173390905575433,554409.32016289
748.7603726536564,4889.60043973226,6.455102093761261,99.24564178596131,2218.0939585117935,0.0,0.0,0.0,1731.1167904035524,15.776036437921645,574.9363295164478,0.0,0.0,1369.2411852234814,44.0277545802416,123.86193564683164,0.0,2904.6630816598617,175.5876580330013,886.1043136132828,2471.2969796227653,0.0,65.25681113306251,0.0,0.0,11.949111279374405,0.0,0.6154909124441416,0.012265236629352924,0.0,0.0,1.1421490734215158,536501.7120544105
602.5848045547862,5650.46929733572,45.68211913648239,133.54402794566877,2253.7629658987985,22.902770932401594,0.0,351.67566107561703,0.0,16.82558876681884,374.4568951601464,295.8833199721216,0.0,1649.4315060515778,59.2978155776832,181.81778762574274,0.0,2551.26633159937,128.21990095596297,1052.7804842372648,0.0,2429.763621401302,49.25312690103958,0.0,0.0,19.141914519707058,0.0,0.521840982051353,0.010792085883375825,0.20380863403478233,0.0,0.686647220129539,536970.1461345439
502.6911467690046,4065.9412746981798,52.784010999778076,34.743793209476884,0.0,0.0,170.51083190761886,250.34900215934599,1474.8817336504023,17.013188549196748,235.80119132139706,453.72185793578257,0.0,1558.4613210020038,34.36408102533342,118.0837909944166,0.0,3683.3961885904596,114.11623895663857,873.6699176248004,0.0,1509.174447943627,39.50818467599732,0.0,0.0,14.594768364171701,0.0,0.6831070430029501,0.012520031788277314,0.9557381417125358,0.0,0.3609418127143072,523909.2196512031
348.6033666583552,4150.446281230401,49.18483791342078,140.6636401961059,1113.5452165706374,0.0,1355.10763973801,480.15381699824803,1301.111655067396,8.886790149707041,156.2023246107191,426.88661185839476,0.0,1325.8020611759125,5.899300568140119,114.36003726122635,176.65359642277645,2468.5237679625725,57.052418767816974,1024.4800023221685,0.0,2157.3415994733496,39.00172068834765,0.0,0.0,18.36291354166466,42.43371936017453,0.384606256822449,0.01036591028422342,0.0,0.0,0.18332231406220856,524516.3938544606
351.0088332553115,4686.29155591863,31.7640260458884,103.48431222433656,2081.6518562991855,222.03327843844338,502.38504269394315,394.70448791203387,879.3734188919786,8.910074718670716,87.34544430276829,299.46816509946774,0.0,0.0,0.0,38.39749728583693,452.72652433864795,5085.162914771445,0.0,849.8162406614522,2490.335183232891,1736.5135004740935,47.780114751341316,0.0,0.0,9.552688601721803,81.93095080235555,0.5967613856785369,0.004607757231292652,0.0,0.0,0.06660592075877388,532216.8524595716
830.0753955623422,5493.389623613836,19.870990476791718,68.41998887153102,1609.2613920337205,434.5118201812243,675.5344024814851,439.66859480963643,0.0,7.912274811586555,0.0,364.96646944775694,0.0,0.0,0.0,0.0,0.0,2173.111189600268,0.0,1253.9733531383945,2112.0218313903515,0.0,51.14182968546826,0.0,1.8363243612552407,0.0,0.0,0.1572595533326644,0.0034519523701330547,0.0,0.0,0.0,519714.0930321766
853.861606483074,6836.0176570279,10.622508351873758,2.958913324653172,1416.501126388969,466.3930392433677,0.0,689.3317881241472,1393.2393247183606,2.0153823159169604,0.0,420.9873079502559,0.0,0.0,0.0,0.0,538.1706370090621,924.7965494180812,0.0,892.4863688228515,3019.0550811327294,1619.1397144964346,23.880425589135733,0.0,1.4275317881165868,4.9720879047102216,19.485833983253027,0.021702884623333155,0.0001816079068347199,0.0,3.2073035312524683,0.0,504469.9502226893
188.06393650258568,4988.762640671984,6.373505011124254,0.0,0.0,591.8770910774549,608.9228922996676,497.20874923086836,1317.9629280838483,0.0,0.0,404.8964593191879,0.0,1492.9672966096368,0.0,0.0,401.60907690800445,5103.367823101047,0.0,523.3658811282011,2182.14475149121,1986.3246525135112,38.86318441994619,0.8567971186627019,0.8284951524632927,1.5266484678548704,0.0,0.0,0.0,0.0,0.7901808355062754,0.0,477938.07686582627
0.0,6293.549445416238,3.8241030066745525,0.0,1685.482679867749,607.5462928347397,0.0,194.56157864323714,2130.1561704296905,0.0,0.0,0.0,0.0,1483.126469084596,0.0,0.0,714.9275923203058,1567.9677334734185,0.0,1127.9203447558011,2291.441966852794,2137.7466573894394,27.77050833762272,0.46114863706442,0.45601383732291123,4.26608148570241,0.0,0.0,0.0,0.0,0.0,0.0,452519.9680541809
377.37179016238656,3515.1940592832275,2.2944618040047313,0.0,2136.783872086849,230.5238708840775,0.0,275.03681664999874,0.0,0.0,0.0,348.90805422430554,0.0,1772.6508914534022,0.0,0.0,352.3415326446686,2095.6650203954227,0.0,733.3910543787521,2466.658822440232,1738.353557918247,0.0,1.347309844076756,2.362221442540441,12.385749906357571,0.0,0.0,0.0,0.0,0.0,0.0,434334.4763244865
289.3474671298763,3505.0148547116346,1.3766770824028387,0.0,2261.0193161267434,743.5378962658328,380.5570191194454,1125.9934932360313,0.0,0.0,0.0,366.5348928617626,0.0,1980.9288106751096,0.0,0.0,447.41246228557634,4391.463266517341,0.0,670.5721789806025,0.0,1771.2518143531722,43.61992818279151,0.0,0.42165353272580697,19.750505081089333,0.0,0.0,0.0,0.0,0.0,0.0,420502.9418243786
252.65554048952507,2742.499433362018,0.8260062494417032,0.0,1945.7597737591311,399.4854152429891,619.9123945936366,954.1447246344698,1778.6267697670912,0.0,0.0,409.02744121510574,0.0,1329.9524964830575,0.0,0.0,1418.1438210302879,2463.1788559028255,0.0,1058.6908783106364,2822.9994724864277,0.0,35.41779194097429,0.0,0.0,24.13836461832744,0.0,0.0,0.0,0.0,0.0,0.0,420650.42096706823
203.33774320334993,3013.179531777062,0.4956037496650219,0.0,1548.384390732646,352.33509209949386,0.0,1401.740133546509,152.923109332987,0.0,0.0,467.73816893290257,0.0,1678.286718160005,0.0,0.0,644.2760479818454,1294.4146124106712,0.0,866.8480619476092,2586.8501750063247,2473.7264942226716,45.414209810040724,0.0,0.0,32.74271499395733,0.0,0.0,0.0,0.0,0.0,0.0,410334.08507807687
1.9980492014362587,2255.48308180347,0.2973622497990131,0.0,2012.0515223567427,300.9071037559768,1863.2772364955722,1247.8384625684573,743.1405417314344,0.0,0.0,449.71746659226216,0.9093018954176916,0.0,0.0,0.0,955.780423818967,4266.037318333214,0.0,579.7336858092606,2503.74655270225,1362.6169214416204,55.971107522704756,0.0,0.0,27.8125815134754,0.0,0.0,0.0,0.0,0.0,0.0,409469.8697972166
90.17892204920582,1650.309575743288,0.17841734987940788,0.0,0.0,524.864099633786,0.0,1031.690343431712,1719.6107553779063,0.0,0.0,407.1153388559971,60.11507994560841,0.0,0.0,0.0,1201.8371330123969,4557.792397574535,0.0,999.7801324023864,2178.821984031711,1735.0321855454647,42.97157006068683,0.0,0.0,21.801226066283057,0.0,0.0,0.0,0.0,0.0,0.0,406959.0420817476
192.89265320628874,2399.7668437562984,0.10705040992764472,0.0,1585.1563815226634,0.0,1029.3921529082188,1248.766064498078,1246.823347582637,0.0,0.0,0.0,87.06253049996702,2397.699388041854,0.0,0.0,1505.690866262932,7514.878367705781,0.0,1220.314663796917,2383.33717269731,1863.855143898565,22.57773197362337,0.0,0.0,27.03963407157609,0.0,0.0,0.0,0.0,0.0,0.0,402993.92892381735
0.0,2736.5684581313694,0.06423024595658683,0.0,1416.5504165900516,0.0,0.0,706.5765727084373,2097.043965558266,0.0,0.0,461.13302195972557,195.1910166007611,1732.2205728572997,0.0,0.0,1039.0557569287823,5417.066667623661,0.0,1840.8039644511987,1967.4088937499864,2698.800725623502,29.141844273162754,0.0,0.0,31.294416020357545,0.0,0.0,0.0,0.0,0.0,0.0,397470.6880432959
0.0,3171.149638910172,0.038538147573952096,0.0,1402.8078963411344,72.08992580089287,0.0,693.8972359087317,1102.7673898160667,0.0,0.0,363.1718710103918,38.68805156594473,2231.9961727118775,15.221928267749808,0.0,1504.9599903541118,2273.0241528614365,0.0,1711.3935834136253,2273.8502269348564,0.0,13.105737433755412,0.0,0.0,37.303341872888254,0.0,0.0,0.0,0.0,0.0,0.0,398712.39039716654
638.9808816253899,3352.1254798965247,0.02312288854437126,0.0,0.0,314.31356949559483,1124.8745060779227,773.0970768263652,0.0,0.0,11.559227406710406,428.1650393524722,56.22158395560763,1235.0678299121237,0.0,0.0,682.0995077495638,1400.0144720734042,15.873666446704858,1132.4344156325315,1418.6745841472887,0.0,36.46446288977741,0.0,0.0,22.601695693127777,0.0,0.0,0.0,0.0,0.0,0.0,407557.9023888613
485.8356430536066,4041.383120425877,11.099087098097554,0.0,1790.1988471894451,356.934881474551,661.6428503793229,354.49734347965796,1899.4275633470781,0.0,20.633753488217565,408.9939558585584,389.29192387023954,1089.2208999086622,33.659788406271225,13.320078354113583,801.0274096434655,1808.9581301696467,0.0,756.0818268913478,0.0,1672.0143977799103,8.506514881284078,0.0,0.0,17.576028206512706,0.0,0.0,0.0,0.0,0.0,0.0,432351.3316457374
1097.196170750375,1426.5530264131696,51.31784300498424,0.0,1821.3621343999978,195.9789886613829,2981.068121713115,0.0,1540.0440547137678,0.20937791342629392,184.90373404610847,0.0,133.88829792223822,0.0,20.997223204672114,53.07601962418785,47.13538826799432,557.3299008821912,0.0,749.1360463397897,0.0,1640.360578317209,42.234009335709096,0.0,0.0,17.185831417674322,1.7095417089771898,0.013058649833106837,0.0,0.0,0.0,0.24721067493218196,459621.6193368271
581.9581041991927,3724.60794884025,30.304427918521903,62.90949345964233,1835.7391837332361,0.0,0.0,605.36016404323,1246.4790464612443,2.4305026575029327,0.0,400.50209668512525,308.3733196860788,1447.4579734127485,121.70868999907513,56.85449774834807,159.39473406527156,0.0,6.447048300810043,422.1713766255627,2199.2436065797233,1521.0491345847772,0.0,0.0,0.0,10.879616034552893,17.28300190562868,0.0,0.00015781010837701413,0.0,0.0,0.4216600434382682,491400.2551813229
461.4829952083794,2631.281752003805,69.4127511297524,134.60112507393222,1688.832009928769,346.1548199101309,805.0133894706547,1051.9893642174286,1497.215775243325,3.5637507398133415,200.6120837325652,345.00776417216935,94.44383065013757,1828.2254172051173,90.100700496908,174.20536923153787,666.081958863188,0.0,20.453151094116816,222.9411879190603,2861.428263196293,1719.8420166930634,27.158381923419498,1.6218177911783382,0.0,24.715326328908805,115.89021942626339,0.0,0.0007071793149687556,0.0,0.0,0.3437142193011198,524812.0565458843
414.5412461600926,3449.9330971913932,14.35388160912378,145.9703130590817,1396.136397835397,586.4299912091834,525.0571346574632,1534.3334927465532,1429.4881490325138,3.07318530611585,126.9168852130278,275.8540912115267,0.0,1676.8872569108337,80.59331715910609,179.3300775634893,0.0,0.0,0.0,292.7361105896395,1858.6876637042178,2301.4290468230656,15.337294663460927,0.0,0.0,21.21323622287061,0.0,0.0,0.0,0.0,0.0,0.8927670398808537,523273.5590965003
378.1855328197555,1575.4160014065342,20.776702172717027,159.7595385662869,1879.4096460813018,421.51684046409105,905.1626434204775,1119.545726063061,1407.3094594677768,0.0,320.7012703421672,332.9858395423142,125.70927491332223,816.4437834321587,217.24549807928074,250.6954629130925,0.0,0.0,0.0,281.1153634148442,2732.2363945579227,0.0,36.94447127319352,1.360580602747095,0.0,26.774144208321246,0.0,0.0,0.0,0.0,0.0,0.017527162127328015,515606.97684321116
8.954257927579302,1992.6861857999256,25.080119373197338,166.71833933401643,0.0,701.9993621658284,1668.2553390982714,928.1877685960508,0.0,22.012916717521136,417.5680684990942,409.6359923976961,53.74273643633437,1110.8270283431245,119.06397193497067,255.01284120013588,0.0,0.0,0.0,360.1299739346273,2955.5994018851366,1989.9886290609331,48.64524108040895,0.6423655045646537,2.938728549391202,26.21334236441131,0.0,0.0,0.0,0.871447854262794,0.0,0.21194715639241576,526241.5724112038
