Dataset,Model,Channel,Region,Bias,SRMSE,R²,MAPE (%),Braço
causal_large,PyMC-Marketing - nutpie,x1_TV,national,-13243.071482396785,1.4267262905929785,-0.8354508836095196,92.12356358721256,Braço 1: PyMC Baseline
causal_large,PyMC-Marketing - nutpie,x2_OOH,national,11087.106110759953,2.9432546548048695,-6.931961782693719,1850.8292026825623,Braço 1: PyMC Baseline
causal_large,PyMC-Marketing - nutpie,x3_Radio,national,11037.148503123854,3.5671922246476253,-12.725201773430081,214.9990654470391,Braço 1: PyMC Baseline
causal_large,PyMC-Marketing - nutpie,x4_Podcast,national,-2137.3009177217837,1.1062470453228692,-4.417454999544231,102.43292967751465,Braço 1: PyMC Baseline
causal_large,PyMC-Marketing - nutpie,x5_Video,national,27335.122963285914,1.4147648750149013,-13.327252679161623,299.5234203332877,Braço 1: PyMC Baseline
causal_large,PyMC-Marketing - nutpie,x6_Social-Paid,national,3909.8237914597335,2.2146399058286637,-3.5024018110259094,984.1130843141236,Braço 1: PyMC Baseline
causal_large,PyMC-Marketing - nutpie,x7_Social-Organic,national,1194.7286751255933,1.0647363018646459,-7.3265870237692745,129.66530703133753,Braço 1: PyMC Baseline
causal_large,PyMC-Marketing - nutpie,x8_Display,national,16836.906334323736,2.9249564659503693,-367.03830873123565,201.36208540606435,Braço 1: PyMC Baseline
causal_large,PyMC-Marketing - nutpie,x9_Programmatic,national,-7652.544646470933,0.843454656004646,-23.581359731453425,81.31042275798049,Braço 1: PyMC Baseline
causal_large,PyMC-Marketing - nutpie,x10_Native-Ads,national,-632.2325947938215,1.3512119950539427,-8.522424882098628,156.39229131768607,Braço 1: PyMC Baseline
causal_large,PyMC-Marketing - nutpie,x11_Paid-Search,national,-26531.8945356719,0.9791196806254716,-12.085568662099854,94.74724716364102,Braço 1: PyMC Baseline
causal_large,PyMC-Marketing - nutpie,x12_Brand-Search,national,-14106.500109943225,1.2995549122515402,-1.2450085109485598,578.2679903608207,Braço 1: PyMC Baseline
causal_large,PyMC-Marketing - nutpie,x13_Shopping-Ads,national,-12354.281464050524,1.3400156301831363,-1.1487026796206132,98.2243920070992,Braço 1: PyMC Baseline
causal_large,PyMC-Marketing - nutpie,x14_Retargeting,national,-21223.251523441013,0.8834491330132124,-87.6978173828041,85.1756613019586,Braço 1: PyMC Baseline
causal_large,PyMC-Marketing - nutpie,x15_Affiliate,national,-480.06804877032454,1.0771029526583566,-4.052438544735159,131.91097978568905,Braço 1: PyMC Baseline
causal_large,PyMC-Marketing - nutpie,x16_CTV,national,14268.721135143676,2.0247274181855603,-25.155174606821845,191.33681007238746,Braço 1: PyMC Baseline
causal_large,PyMC-Marketing - nutpie,x17_Streaming-Audio,national,4361.584796661535,2.740811057684619,-28.892858993216198,267.78463513834384,Braço 1: PyMC Baseline
causal_large,PyMC-Marketing - nutpie,x18_Influencer,national,11954.504534159794,1.7724267312733106,-63.818029163156936,186.3113860117894,Braço 1: PyMC Baseline
causal_large,PyMC-Marketing - nutpie,x19_Email,national,-6826.7293020229445,1.576212914642658,-0.6426099870093243,253.28588311607527,Braço 1: PyMC Baseline
causal_large,PyMC-Marketing - nutpie,x20_Push-Notif,national,-11828.372447020454,0.9466089182558657,-13.50715954206122,89.97732616354911,Braço 1: PyMC Baseline
causal_large,PyMC-Marketing - nutpie,x1_TV,national,-12988.918896720728,1.4131442074872178,-0.80067114140337,90.43406403651265,Braço 3: PyMC + CD-NOTS
causal_large,PyMC-Marketing - nutpie,x2_OOH,national,19030.999548540756,4.3704663019772925,-16.48962452620338,2715.3074057969507,Braço 3: PyMC + CD-NOTS
causal_large,PyMC-Marketing - nutpie,x3_Radio,national,10532.089169050705,3.469521285519554,-11.98388991813514,201.54855682692406,Braço 3: PyMC + CD-NOTS
causal_large,PyMC-Marketing - nutpie,x4_Podcast,national,-3009.7782061850985,1.0226169653232589,-3.6293183971622796,94.56799863141664,Braço 3: PyMC + CD-NOTS
causal_large,PyMC-Marketing - nutpie,x5_Video,national,25853.736305387967,1.3502994434290494,-12.051323659721447,284.39051854443164,Braço 3: PyMC + CD-NOTS
causal_large,PyMC-Marketing - nutpie,x6_Social-Paid,national,4127.61702426407,2.408472538437588,-4.325021990455887,985.0715818172297,Braço 3: PyMC + CD-NOTS
causal_large,PyMC-Marketing - nutpie,x7_Social-Organic,national,1890.148180654396,1.106132982802068,-7.986645022693812,132.20593603496397,Braço 3: PyMC + CD-NOTS
causal_large,PyMC-Marketing - nutpie,x8_Display,national,17893.27094327297,3.0707958057634834,-404.654306281545,210.02432637687812,Braço 3: PyMC + CD-NOTS
causal_large,PyMC-Marketing - nutpie,x9_Programmatic,national,-7724.030731734117,0.8506957709115132,-24.005236711334547,82.09838646544827,Braço 3: PyMC + CD-NOTS
causal_large,PyMC-Marketing - nutpie,x10_Native-Ads,national,-30.512685282640422,1.4877374886028678,-10.543916717108603,170.07907877091208,Braço 3: PyMC + CD-NOTS
causal_large,PyMC-Marketing - nutpie,x11_Paid-Search,national,-26677.385711788083,0.9837627485832487,-12.209968658569263,95.22955895401402,Braço 3: PyMC + CD-NOTS
causal_large,PyMC-Marketing - nutpie,x12_Brand-Search,national,-13765.780071608915,1.2825502593176505,-1.186641101087388,958.6448388177166,Braço 3: PyMC + CD-NOTS
causal_large,PyMC-Marketing - nutpie,x13_Shopping-Ads,national,-12351.517711807279,1.339701424100789,-1.1476951446587749,98.2081465709286,Braço 3: PyMC + CD-NOTS
causal_large,PyMC-Marketing - nutpie,x14_Retargeting,national,-20665.702720353045,0.8720408512666434,-85.42183744446585,83.24009869630277,Braço 3: PyMC + CD-NOTS
causal_large,PyMC-Marketing - nutpie,x15_Affiliate,national,-1900.6607234296223,0.9793973088079033,-3.177384197203633,120.59230583361126,Braço 3: PyMC + CD-NOTS
causal_large,PyMC-Marketing - nutpie,x16_CTV,national,16250.513383693142,2.2227357560907266,-30.52101309407207,210.53483668775672,Braço 3: PyMC + CD-NOTS
causal_large,PyMC-Marketing - nutpie,x17_Streaming-Audio,national,2331.1027059919184,2.127391961858595,-17.009609075615632,220.0905703204746,Braço 3: PyMC + CD-NOTS
causal_large,PyMC-Marketing - nutpie,x18_Influencer,national,6971.831119019232,1.2714791570667254,-32.35628915011102,137.07652373739722,Braço 3: PyMC + CD-NOTS
causal_large,PyMC-Marketing - nutpie,x19_Email,national,-6832.6878308805335,1.5767580896963103,-0.6437464640010055,241.65684234771905,Braço 3: PyMC + CD-NOTS
causal_large,PyMC-Marketing - nutpie,x20_Push-Notif,national,-11581.01975552398,0.9281117629685531,-12.945746216582734,87.97648394325958,Braço 3: PyMC + CD-NOTS
