,time,geo,contribution_x1_TV,contribution_x2_OOH,contribution_x3_Radio,contribution_x4_Podcast,contribution_x5_Video,contribution_x6_Social-Paid,contribution_x7_Social-Organic,contribution_x8_Display,contribution_x9_Programmatic,contribution_x10_Native-Ads,contribution_x11_Paid-Search,contribution_x12_Brand-Search,contribution_x13_Shopping-Ads,contribution_x14_Retargeting,contribution_x15_Affiliate,contribution_x16_CTV,contribution_x17_Streaming-Audio,contribution_x18_Influencer,contribution_x19_Email,contribution_x20_Push-Notif
0,2020-01-05,national,0.0,0.0,0.0,0.0,0.0,0.0,0.0,11650.385264611406,9268.448194901057,740.7997041189017,0.0,0.0,3732.620709782062,23283.5491211851,0.0,0.0,0.0,9619.324425422998,9677.582516854081,0.0
1,2020-01-12,national,3572.527403235029,0.0,9907.121201503322,0.0,1683.9502155947428,7076.90700101527,1960.5733202915746,12653.517126356497,10121.582399470915,424.43533238682596,6742.083744923387,0.0,25549.43163455097,25070.4612139924,2852.3942195482045,0.0,1757.2791998259922,10919.199667161134,4793.126133940457,13793.573599925954
2,2020-01-19,national,2649.327669909014,0.0,7533.058528442108,1946.0497180709988,1116.502544985556,5016.444369662341,2075.4830165840567,12762.777428218571,10350.849418087977,240.72398694629163,7132.971201601577,0.0,25241.327888982996,25791.324185408514,1476.6360068274503,0.0,2318.533795826179,11816.683025157887,11595.433295180359,14786.389363387494
3,2020-01-26,national,1953.448505921197,0.0,7158.3370950457775,4856.673399289339,6242.089599419909,3169.614325256244,1851.5813399272104,12948.54795001284,10092.901014507872,3296.5646095599154,10969.438556593464,0.0,21946.33879676117,26660.026185136197,4757.3399709677615,0.0,2746.671197828003,11634.229573106371,6072.830776513112,14923.548092745315
4,2020-02-02,national,2410.332348689645,0.0,7035.924849912008,5344.247851273677,9956.531994452336,1943.9187490830852,4138.978879408936,13051.539384593743,10342.623887949536,4431.328697734209,12730.192803375427,141.59983649748298,17768.18710890373,23989.244562559154,2569.384289512419,0.0,2034.3771885791075,8782.8513981837,4781.962757530244,15050.708244758216
5,2020-02-09,national,1774.597872674859,0.0,5008.465995192957,5034.730331567364,12184.92912317382,1169.4204575636709,6199.294707345432,10229.592881877294,10394.802842906336,4563.899153314501,17565.32954877567,73.50371336939499,13377.221403692733,25615.122966777,5139.874566917224,0.0,1294.353469900368,12415.009722550974,2550.5445104735786,14980.644135438853
6,2020-02-16,national,1301.4170853845249,0.0,3411.4960897272,5063.232802054123,13689.884399198492,695.1056042167567,7498.280488948259,12293.970416419923,10353.825609681482,4106.279852693176,20730.44573129203,38.11957068143745,9380.428728786212,26215.08182933407,4645.264646217012,3233.0669679417383,802.8693664264022,10719.752193227083,1051.0922104902127,15142.978821449544
7,2020-02-23,national,951.6280777578679,0.0,2247.3919733557527,3976.2202544301626,12835.862864449135,410.1751141586599,8340.011006957384,12586.832449702311,7795.827279496431,4933.207235137719,25293.99790386917,19.75945526616507,6191.166662819666,26499.790868814853,7063.952127187706,5004.056579631729,489.85047783741965,12627.431133710563,418.37813993330616,15176.898379044509
8,2020-03-01,national,694.3599091259123,0.0,1445.8916596602967,4662.221076972195,12309.348194478413,240.9903233053529,7967.840944886795,12709.320752139336,9913.719389348826,4112.010538736863,25792.427754255514,10.239814763552957,3861.292489034971,26699.304220242466,10188.357903084754,5035.343138317612,295.78393601260996,12638.715035823894,159.22583162944179,15152.254563156333
9,2020-03-08,national,249.12116478820025,0.0,726.4372494840377,3097.6612571493924,10458.852428176386,18.339012908676068,7504.907270327538,12663.960588113669,10322.771360144017,4943.016031172315,21007.00917920344,5.305817349786079,1010.4809909470259,26595.441088156484,11891.567478536435,5732.277156197492,171.56309913564232,12565.02490776939,62.117582968051764,11473.008448373574
10,2020-03-15,national,180.99206392067802,0.0,453.5069588566709,2330.518895687206,7771.777122724767,0.0,6433.59936014898,12490.742000291568,7759.266079924686,4976.494898649294,21361.408568453113,2.7490521782058686,44.863951375797015,23867.353548808696,13098.380953206004,7069.257117060497,1704.9159367178129,12326.80285100654,16.213585848078026,14196.844652963162
11,2020-03-22,national,131.440033330702,0.0,215.31213127146341,1433.52939733718,5403.621481499571,0.0,4803.2733133111415,12957.160082939787,9107.991318649561,5272.811557818561,22839.88935937582,1.4242898542038418,0.0,25043.63738874765,13267.786626717412,6683.236685091856,2188.4408492472794,12732.4926690064,6.305170839439878,14779.594968444515
12,2020-03-29,national,0.0,0.0,0.0,853.4146623019761,7615.792298171072,0.0,3265.488745610657,12982.092481483513,9549.597370463853,4608.320641024135,18719.499492369927,0.0,0.0,25755.979484397878,11410.174189365118,6200.102922167989,3500.81522453132,10074.232113170245,0.9619127760673863,15096.282474124457
13,2020-04-05,national,0.0,0.0,0.0,495.72424790728707,11197.296859937347,0.0,4370.853185239579,12656.38662255443,10276.815817208633,5093.676390543302,22257.047028256355,0.0,0.0,26540.31975374619,12212.841039929723,5191.056690545833,4000.696040797437,12205.17390542436,0.0,14800.967543744573
14,2020-04-12,national,0.0,0.0,0.0,274.5273387740377,10980.073649968417,0.0,6579.709472790467,9731.542301157362,7705.931547024677,5008.505887890656,18884.794571669026,0.0,0.0,26337.403217628424,10216.00808440892,3847.8045554191654,3517.0955930344708,12512.6857728871,0.0,14847.090663566694
15,2020-04-19,national,0.0,0.0,0.0,153.32424020351786,8082.9262154748585,0.0,6893.163696544334,12448.195177365518,9964.91773258444,5092.058161492798,15990.704783545449,0.0,0.0,26112.694798004115,12633.16564694476,4655.092584811813,3058.261333714672,13027.619537204644,0.0,14945.041894814234
16,2020-04-26,national,0.0,5318.6208914699,0.0,48.0542564153269,7171.454666745639,0.0,5530.199111953402,12746.45763519442,10031.022740318898,4740.995132605611,14043.249074015204,0.0,0.0,26018.085584991262,11373.312049504812,7829.208710378868,3067.7557772424507,13465.839872492328,0.0,11199.760787000674
17,2020-05-03,national,0.0,9675.036479569388,0.0,2850.6538065479517,5031.0101854654295,8989.860066295047,4744.461193645045,12486.928403181897,9835.484274365124,5337.475800361575,23200.60049316382,0.0,0.0,22944.937062788074,11388.700771242391,8550.76087911383,2024.5480509646154,12723.12252352622,0.0,14381.228753008141
18,2020-05-10,national,5201.825601627718,10373.205081276406,0.0,4608.749588590103,3472.766027037356,13923.32281313602,3474.7431768046185,13061.973169861169,10103.267956808886,6366.63315052399,28421.969139713467,9110.479245669612,0.0,18576.35792037423,7227.059367234595,10430.180914394166,1498.464554055594,13177.350524976211,0.0,14802.196467574655
19,2020-05-17,national,6200.02884427839,9202.336380121546,5723.685425423275,4674.67046436489,8526.291333756115,15336.674398873845,3909.2326341817848,13180.764196461278,10495.097629111944,6124.33803869926,29809.690752300605,22690.418899905984,2738.721387295156,24132.537783181513,7186.400605762084,11208.550143885182,1128.214803664672,12352.517802041591,0.0,15068.556403384498
20,2020-05-24,national,4674.453124563246,6927.509499191154,8247.74585760778,3107.1885530576947,14053.765359619942,15673.552519644521,6270.541913725274,12949.373043766143,10187.956969719029,5385.148354379413,29013.70518639632,29665.868102624983,16774.896103815157,25432.11226240934,4098.262698885794,11993.224901698346,688.3569946883314,9613.619007669322,0.0,14708.981004194888
21,2020-05-31,national,3490.489910295958,9800.686482194324,10808.141342974666,2942.993103909287,16437.246094569775,16566.03001899486,9106.782990299163,11837.927584636771,10357.909076395212,4711.852238076469,28950.009146553264,31600.772821671264,21669.984181136428,25769.226765264226,10283.983797400531,12313.068142084296,405.61071075417425,6685.678827467996,4899.355689830568,15039.817401161798
22,2020-06-07,national,2587.166071862793,14845.074906714146,9525.57966757439,3017.1273260272724,19049.56184966399,16423.173994734152,10477.16014510501,8761.563623942,7800.59568635301,3239.2254910377333,29585.654474936957,32416.553945281918,19848.870672046778,25833.92148110533,11337.140881922147,11750.357453111881,2140.1823101208306,10707.22617511894,2137.3426134718143,11324.066382401139
23,2020-06-14,national,1906.8792695058012,12257.676831084074,11909.226562123085,4708.070552061528,19515.56872295393,18854.672363933652,11700.052614533648,11923.364504017603,5170.216453697634,3876.5330001808074,30749.1640412288,32715.52500684396,22891.777187431366,26009.700184039553,7599.7076667359415,12115.025061687775,3520.987593117539,11569.417874540646,15313.757140907608,13679.557872006628
24,2020-06-21,national,1399.5688602543494,12517.20767330035,10708.365769707214,3132.787149024136,20295.220724065224,17660.437201917895,12025.130387108831,12614.200015217883,9276.476536838223,2485.7579064916163,30566.39330389382,33010.04903854987,25491.945028575512,26049.97255534891,4376.931262058259,11897.690862239246,3869.477285973143,12103.057883002082,18819.324871881145,14479.577312122436
25,2020-06-28,national,20278.063764064947,9910.824773464468,8300.19972699899,3561.3315444488708,21087.660074990596,19959.74453706712,12389.638668467549,12988.534103204876,9853.487355681227,2750.266764758986,31290.69546467853,32976.19582474798,27302.338670088182,25733.252514573505,2325.531562435587,11042.117570449735,3885.4400090664444,10825.680808684081,21206.15922458225,10606.117631796922
26,2020-07-05,national,16685.424873701126,9473.703193997102,6079.266842197637,4972.366378995188,20899.631133298215,20838.30522462986,12958.912849052873,12786.597144317699,10078.140865855426,1678.71195101779,33435.78011836562,32713.535078075845,26747.29016869348,26075.187537761707,1190.2318104638432,10573.508901478484,2641.9634105719474,12625.181391547121,23390.581156529297,14618.05321157828
27,2020-07-12,national,20800.73801071532,7346.989612911153,4221.175875810814,4888.425909938733,21600.330773311493,20785.707294603784,12964.955507687364,12591.30590757552,9566.257036555033,1561.0268620343118,33772.86764135564,32392.471879134588,26308.418598287586,23037.667543751868,583.7139034011979,9525.485098487736,1717.074928492382,11888.428839800217,23655.963409295593,14793.530250138449
28,2020-07-19,national,19700.19333631039,5374.764195401624,6566.71724523821,4009.286161109435,20561.90813834187,20629.634314333707,13296.392571107051,12593.811065476038,10146.576860984698,2427.981840474564,34514.233889819385,32091.803826164378,25159.861826578046,25275.07575974324,287.95221932626515,8916.196099977642,1080.555804017702,9071.094491305363,22826.59264177028,14741.558091660792
29,2020-07-26,national,22040.814067489493,3730.116185757226,6515.472028613781,2607.9518999131806,21242.71128231427,18180.627214319404,12687.217448219353,12759.268927661968,10500.03791039012,1469.2105485090167,33380.904987236456,30948.344946855093,22859.778364324717,26099.82169970969,1363.6590542850768,7216.553352017455,665.4327770358681,12182.01598908129,22702.866181312264,10936.889147784577
30,2020-08-02,national,18491.86456947888,2134.9523076200085,6721.106794234695,3389.5704696597904,21607.398041388617,14613.646734882946,12861.61731058247,12986.573769098142,7967.864976273542,2575.308225876165,32636.153476087176,28752.543299571596,18787.608582150166,26060.616296464817,656.4852118304126,5458.335518755813,399.48335097425985,12203.989853522537,21511.075864464783,6837.939763193051
31,2020-08-09,national,15120.429089649246,1447.1495798602907,4829.418668566536,2159.4613949092195,21222.484422431,10834.281194649433,13126.586971397026,10145.526728334646,10265.57147746265,1614.273618567857,30938.00292718304,24738.113553508174,14198.506141602202,26286.174339142304,322.3219584563286,5727.191593310615,3563.848817693642,12290.834339035582,19667.047819424286,14153.504621543247
32,2020-08-16,national,12083.47760410557,689.7234742509556,3249.574983779959,1326.9751820559056,20046.005512932312,7492.414142503085,12907.403460537857,6964.352652299759,10576.49071947134,2987.9172131219034,29702.177530681274,19330.52028768137,9630.132796376876,26765.385867417353,158.14696068897072,4127.01451453211,3827.9829392412994,11923.228544464502,13580.65733869397,14322.842278238057
33,2020-08-23,national,8069.064393916513,458.18997300415833,2133.616611049232,4441.738931993311,17228.288119357097,4614.328112046045,12106.18925486765,11981.375012128223,10142.20715551778,1844.831158310603,27357.92951751517,13349.591151091488,5506.146590813819,24148.236728823485,7712.664819996351,6245.858290766418,4587.247083862509,9110.101551111913,7552.213769157456,14869.883043877027
34,2020-08-30,national,6156.568261351561,71.52368556843092,1369.5623098140832,5900.631907196691,13806.888508869217,2478.563170407272,10278.701558706014,12354.552115096736,10027.522222536674,1095.9525199215261,29645.84659331839,8056.384790305867,2894.800511399632,25368.310275301592,14092.059923485745,6872.108986468995,4260.566617832586,6212.267069913096,3498.9556605721395,15295.515816651747
35,2020-09-06,national,3492.961970135969,0.0,865.8581135403122,7803.138298742763,10256.970497875356,1092.8357307554347,7917.315778513514,13001.073111670843,9507.762179748815,634.7286391446808,29223.664507828667,4152.818458463049,1154.0804110301128,25808.94078613712,13911.845208132772,7055.336871229807,4874.143416595227,3815.4218162866205,1439.6847932475775,14749.286792816898
36,2020-09-13,national,2109.5003944354503,0.0,471.11040214336435,7319.8008054189895,7288.087520906995,176.37568237864195,5583.141688554009,12685.41236307931,6850.071057973187,359.997266933952,30530.38103433046,1656.5549472113291,285.174475578173,25935.245822818615,12058.047027794233,9386.168138508854,4273.549755665149,12193.569162486023,551.9657274333506,15042.969737279838
37,2020-09-20,national,11.777711908390055,0.0,232.35593159661948,6389.6248874014655,4484.324189106905,0.0,3646.0107088014606,12929.297282328405,10133.648192024757,2283.306198271869,29636.70007113373,633.9548612833934,0.0,26107.559337996518,12701.987552592896,12195.810676224675,3575.143340286023,12770.8124060397,183.22777602987009,11328.711596220046
38,2020-09-27,national,0.0,0.0,28.420882342587994,5506.5085286770045,2259.896308625624,0.0,2222.2406054547487,10072.5814946934,10253.088351916835,1375.6461110570488,27850.400729518475,264.07018715617346,0.0,26152.292526279998,11565.833363636244,13056.634333397355,2403.359223236341,13043.399464470856,47.686938104732626,7199.56754371197
39,2020-10-04,national,0.0,0.0,0.0,5488.925199622591,831.1165897580197,0.0,1269.9328543690463,6896.221217480905,10258.643878451878,3961.7385640841244,22378.6043399853,151.0416154405547,0.0,23156.380905363178,7389.668945497988,13943.270237244362,1544.5631133594027,12480.58624897842,0.0,14236.349473897511
40,2020-10-11,national,0.0,0.0,0.0,5543.187171189455,4104.35232320243,0.0,680.2785569244627,12302.144972141305,7684.831094664694,5294.777642940246,21966.80443449365,86.27191152004886,0.0,25182.342640807798,6286.001907164243,14332.094644883497,960.9117065866452,12400.59803195821,0.0,14727.065428083615
41,2020-10-18,national,0.0,0.0,0.0,3789.868755723074,2745.3038927938433,0.0,2834.360818384027,12471.174686388838,9369.788299126789,4361.762756696749,27063.780524628062,49.23752627081612,0.0,26139.909483066476,4021.9757347180753,15244.23097450531,574.7695324253316,12575.396621625849,0.0,14861.547273703058
42,2020-10-25,national,0.0,0.0,0.0,2443.9001386238624,6077.473884147423,0.0,2469.6418905007577,12662.300509225735,9548.345404627451,5045.589237576818,27807.34669995824,28.088291244816595,0.0,26430.241885732674,7055.490246821,15264.894225544329,335.8638573074113,9881.95115826399,0.0,15018.100309855941
43,2020-11-01,national,0.0,0.0,0.0,2385.7700988408533,13726.798043170891,2827.4081998456404,4063.1628687589136,13076.053048721522,6893.773462295076,4196.158575905808,26055.5410580494,16.01922669927258,0.0,26175.866153744893,3998.441866874719,15435.957431780567,162.63890717315294,10720.749278445865,0.0,15053.598872333263
44,2020-11-08,national,302.77365320971086,10482.148592769097,0.0,1466.2693247238278,14188.192000311728,4537.9581755076915,8272.892213869893,10260.057396312222,4384.009920855336,4107.119356674751,24714.68593511815,745.7325271689751,0.0,26627.964404378006,2108.6431280559286,15848.55055846743,69.65509124916697,12044.44810896086,0.0,14953.440944297194
45,2020-11-15,national,220.04393664018852,10840.817968195215,5782.9984044429875,1819.2078743613138,11051.700740649763,13402.417023344431,9010.751322012504,11547.803950531246,9045.160145398224,3011.4330969131206,26970.789417366035,14717.615417492067,11863.13176215407,23920.42060710805,7449.492224688884,16044.434839912758,3627.5824951622308,9247.838898231586,321.30240721559295,11211.29233939057
46,2020-11-22,national,19620.86551724374,8375.700303873085,8626.096624122565,5467.291290978965,8246.936707465551,16324.738293755317,7853.4998952301985,12797.670166933656,10106.893608112361,1861.5159897989029,22570.769347142304,23448.517197306443,20409.39831657618,19843.507970650633,11767.190452447174,16392.231934064625,2443.3163024214155,12243.462499058218,8123.748436299264,14880.2786978848
47,2020-11-29,national,26325.590788703736,10343.559242400983,9563.6544606126,4035.448954754,5931.172214850347,17771.959928209882,5987.71821529557,13327.554211921259,10344.972321379288,1103.2462198473227,18137.06029174335,28729.72389796728,23047.452180475095,24195.02870881469,14567.01581680438,16313.088368809647,2430.7140989980285,12488.12088007627,14846.78994416605,14838.46620070941
48,2020-12-06,national,22751.763986622824,13274.315959793084,7213.076058124219,2624.9322844715707,5182.670108184374,20271.946719861277,4164.204116033052,12953.394287221485,7785.4960936291045,630.5307835720631,17030.975953650584,29488.517180708117,26347.077375856043,25266.669123959316,13083.38513266012,16261.999621103649,4658.655918358877,9774.229450232382,15606.280822681456,14791.820372373182
49,2020-12-13,national,19165.186701416467,12988.458007649062,11402.162286214094,1635.8646932976922,5370.5960115108,21329.318424599296,5654.744627207871,12635.894995202401,9669.603619750513,356.0195722911355,13794.556465213424,31555.804504563912,26981.407879600567,25603.411167321017,8714.269929885351,16254.977008942305,3261.520972150729,6840.741293365464,15387.104427467175,14389.11331386424
50,2020-12-20,national,15743.901702016989,10675.518772836906,13510.94526480637,4383.4419926226765,3585.218300481713,21230.564449948706,5398.300739669667,12732.805542124797,10532.556748759047,2876.4851651320946,25990.123149124483,30540.51056396377,28925.613570064103,25460.981881387772,5163.522648682475,15998.602236068082,4594.300193270074,10158.745428830212,21804.08662196395,10493.817116209964
51,2020-12-27,national,12634.677015619965,13213.9824389518,14572.138245386073,5939.887708762281,2906.9701613256516,19382.285568298223,5069.975017407602,12912.366417970177,10406.193591689198,1768.8174200986666,27922.243751686234,31716.003210803003,29186.306381662136,22089.33806324671,9392.008384844214,15720.772519443815,4818.762561231937,12001.051205228392,20520.708839021612,14012.818129219646
52,2021-01-03,national,9924.705132786836,10578.900638321804,15400.897366207466,4117.332976334298,1661.2392610480308,16009.459623485036,4670.303079264749,12812.634399643093,10590.49933554962,5430.831995333495,29624.648254641263,30190.608268348733,29135.91137016934,25107.567950560693,9050.47369899124,15180.822680595962,4496.689177041271,12995.712032951102,20018.594471117176,14948.227878373253
53,2021-01-10,national,9437.157355439102,9623.993422803547,15106.231127843448,6490.531840904145,1101.146986758067,14831.485750129397,4550.8758863770245,9926.1498321869,10122.222962997565,6177.043447921331,29485.897806849,29199.97113548845,29155.62901494884,26091.173393279314,14048.49319881343,15132.134243041537,5945.694774556926,12634.862159479984,22189.74756048127,14958.129454183578
54,2021-01-17,national,5702.314899322343,7293.052545315281,14005.01221252213,5209.748059306198,725.0601828071045,11499.112485651092,4118.276909087529,6749.813568889377,10184.913532227667,5916.9388831105325,27528.33255236395,27495.653481156834,28125.62969805218,23083.52367590457,14643.940908865394,15427.363421160111,5906.362022239733,13256.834217608466,22021.15764324258,15092.761462690085
55,2021-01-24,national,1724.5745243654603,5266.83032611108,13479.153465173884,3643.660401995924,11616.223105171257,8001.185431331562,2682.232995554494,12262.406987134016,7599.988633221274,6866.165998834561,28987.510519109455,26541.609615510984,27400.618084252965,25973.758989515445,13080.675925989144,15232.911460520449,6484.5963777575425,10734.035905542396,22331.24768655046,11393.995057789885
56,2021-01-31,national,6711.7838032975815,3538.4231656096276,11637.79295502277,2343.427981470973,8708.45618546478,4981.56633676889,6994.671637557684,12946.38510619789,4991.432720764145,6505.295608987879,26694.91698091004,23813.02849395408,26300.00289884457,26027.024068124654,9359.490822087535,15079.4613291378,6654.070503886925,7809.548086471046,21080.338057122764,7259.51712110383
57,2021-02-07,national,5076.762155275237,2301.2794924278433,9657.361619235606,1448.0191055156715,16705.516061826365,2675.8842638596707,6204.851252288146,13389.243313937613,2922.0655968675123,6196.4023594349355,24787.036951295348,18992.158113569018,24326.005384875087,26122.372233159862,5645.219651905411,14430.959306304409,6818.912896989493,5083.223906076054,18774.113889274307,3936.9669240731155
58,2021-02-14,national,3800.5040525234,1546.2288939461887,7240.637183242611,4802.553670140719,18802.79318368988,1190.7317577667297,9794.52472525292,12989.447481078514,9799.885574884818,5986.678763457919,20293.278791002977,14094.805064748625,20276.323412632482,26127.987722592887,14126.345524313667,13850.991190462211,6869.287306004723,10731.508015781927,13214.195783797255,14325.545723552661
59,2021-02-21,national,2822.40507752601,554.0906205337648,5049.698342348473,3201.9959454267146,19901.335591243693,558.5872155087283,11358.1147880355,13094.048413968978,9770.085300876406,5980.161741039196,23524.48008450213,9111.990923934127,15478.9649973631,26123.658386403047,14930.756925648717,13148.285626700901,6516.552880098865,12645.336822620115,7267.241998689751,14877.355267726889
60,2021-02-28,national,2083.3012613994792,367.39965520686815,3170.2841837832098,2031.1811414567903,20461.40884888911,328.9302263826955,12122.867686097743,10283.082774252764,10419.417928100298,6643.4365242275835,21450.18692555538,5793.133186321916,10569.594906715387,26306.224988281345,13093.793703612866,12266.343040543668,6431.513552540225,9964.265508681681,3359.588958086273,11111.710611289123
61,2021-03-07,national,1349.053249997501,0.0,1824.6372203775961,3577.12760961178,20991.56909075585,39.664831823948425,12470.818677101155,7103.830497434374,10468.351372707166,7209.852729668291,22470.396802768188,3342.1147480395534,6122.908843114224,26435.678871058815,13922.974495111928,11966.169750794941,6405.544985468684,12397.616144072092,1384.625077700742,14399.7918286736
62,2021-03-14,national,986.7499211947272,0.0,1021.2414195795238,2294.579742069831,21504.943882955045,0.0,12758.918862893011,11919.456459957866,10431.497040577597,8067.413685242365,24892.01204149876,1860.721393007244,3399.678874688578,23628.374996327024,14308.439285234059,9897.747401763323,6438.296796628562,12626.434892979172,530.7511062374057,14738.515500023275
63,2021-03-21,national,720.1419607270144,0.0,354.03413990607424,5300.878285931812,21862.214361850292,0.0,13064.847608727176,12731.179258014537,7886.883305374938,7889.784742775971,22136.852999475894,898.6084241954899,1443.049918472962,19419.69730037806,13021.895822417995,7801.0260149362575,6229.843337169926,12587.505696873599,175.98222193660197,14790.392230432748
64,2021-03-28,national,0.0,0.0,141.80703717320276,4851.838451860384,21284.495698902865,0.0,13326.761014214459,12355.561063429162,10075.823156228156,8296.77806043272,23842.583581307048,458.233361517188,387.4947822085534,24877.064439603215,15038.058243622527,5761.592189179725,6296.580746337455,13059.093291142473,47.00112402479168,15109.035465916479
65,2021-04-04,national,0.0,0.0,0.0,5557.966448645774,22919.449716153646,0.0,12939.966379132791,12777.629605835695,10276.912654023336,8047.3876353074875,22254.765962108955,262.7267293960345,0.0,24525.325806945497,14876.532581709198,6260.313922386833,5610.000006235951,12518.590747251335,4.558247196835564,14392.172571030635
66,2021-04-11,national,0.0,0.0,0.0,6684.825652408016,23965.204230279098,0.0,13982.035012130653,12975.880356831249,10143.545640603876,8027.666058913541,27825.52493581989,150.27070318710477,0.0,25773.298945750317,15627.717409909745,4531.043142057607,6112.495080709329,12567.630074670253,0.0,14826.236827860448
67,2021-04-18,national,0.0,0.0,0.0,6345.627783423841,24846.140038449623,0.0,14927.182095676824,12801.37516310077,9950.880922970271,7573.9527225505335,27471.09737301794,85.83076785067034,0.0,26120.974666887996,15156.71393596571,3114.404088478173,4973.599309406386,9869.619210658453,0.0,11045.660492972278
68,2021-04-25,national,0.0,2120.118002052604,0.0,4459.861244546155,23931.413867889867,0.0,15732.780281070043,12793.846364571145,9931.882513193901,7932.540623685859,28659.040659269864,48.98548890623855,0.0,26345.568196421103,10713.154666802286,3463.429348177443,5120.307256727149,12083.879981326454,0.0,6937.148607229997
69,2021-05-02,national,0.0,4519.912091923331,0.0,6616.915194439163,23714.539045495876,0.0,15149.961145195051,9903.574216487445,10271.808832280969,8035.487817136553,26259.526817374808,27.944426162893606,0.0,26806.72000996676,11761.429126810726,6872.098733289598,4374.91651745052,12558.69631531506,0.0,3717.725338115745
70,2021-05-09,national,8192.692260699096,8727.837896688154,0.0,4694.258107912532,24812.14199654935,11538.10284701049,14821.748984243104,11953.207801188712,7700.119101025401,8475.988751071262,26291.65876729201,3693.5636244805974,0.0,24227.843724406746,7538.086871606659,5262.849572991191,5076.951909553389,12201.179602381102,0.0,13252.846227353008
71,2021-05-16,national,6255.857890828686,6521.883013691332,3251.3404010368445,3119.107384688797,25661.638954915732,15773.221647666463,15622.98932695372,12889.35962653107,9722.78031002277,8644.1611605231,32119.508297223158,15539.22804598935,2314.266751648603,20318.465180923693,4331.1638191765505,6830.6924343878345,5658.181260395137,12279.485573180096,0.0,14057.935416831235
72,2021-05-23,national,10395.236544794787,8208.224243929497,8541.256735040031,6990.815894313734,25349.76398197809,19287.907111463875,16437.65918115407,13049.84550503208,10293.463164410146,8425.73203343632,30977.69137434278,21884.217743365058,14124.237483918081,15250.057565098832,11543.63923844487,5418.64288917646,6114.998198682796,11938.563132333922,9539.54334758858,14991.840589986467
73,2021-05-30,national,12335.73826644076,8223.009221442511,10829.06744926528,6259.329712415389,25872.88429821592,20532.161850506676,16335.677325799357,13074.194072352682,7725.225238248583,8502.25446009524,26746.069805751722,23406.03445623922,21424.5671989309,24166.86519288442,7769.9795610556985,9356.932056370353,5234.824459475211,12586.305546334528,11633.705655004565,14243.763726681666
74,2021-06-06,national,9676.95409773889,6096.842191722823,13759.19918175402,5562.643310251574,25863.023358211434,19660.722778512532,16716.624350050944,10257.402140195778,10219.825916936352,7954.534180937841,25471.9372462461,26004.03003764218,21044.853338615692,25764.9002508673,4736.188046842013,7498.151646283572,5505.779119290398,12563.976020208194,17091.959436964524,14662.284140816095
75,2021-06-13,national,7460.346958460529,8392.636810104554,14229.781996104704,3805.0539007879283,25437.223535210534,17950.780180329737,16776.265145318102,12761.084375256303,10238.288116414038,7955.332178785132,26502.856877359936,26053.48519014331,26183.443313544463,26316.23624309441,2524.7229899737267,10552.17623827971,5833.731538860597,9868.075077625248,20079.586109547206,14793.687709387932
76,2021-06-20,national,10100.503342747808,6234.496275418472,14526.804518599687,4747.336592191955,25901.45931782669,18693.938503043475,16476.09133894927,12803.191558666651,10507.422932534651,8205.377135277166,27991.471661845586,21793.64848278133,26326.38898632901,26427.583104702073,4163.424371901395,12384.410927451134,5393.302645582544,9674.882916156039,21025.734656922672,11004.341621290514
77,2021-06-27,national,7808.324199721642,4466.614054674731,14103.428228074725,3157.822146979001,25471.632997484718,18845.938485521096,16783.655855119392,13212.424296366993,10196.88853930851,8396.793519302837,31164.63272721826,19104.124645539796,27319.161948690464,26595.213038947324,11725.260129661003,12302.74583242757,5505.80038745507,12391.152174391329,22072.335278264636,6899.356820510598
78,2021-07-04,national,5533.232754351599,10695.998276631222,13789.415524930595,2000.420857773672,24442.912011575223,17270.43437869397,16431.74973595067,12788.037530736396,7614.122505070902,8450.928741341615,28627.81446172535,15087.875119164335,26359.694110150966,26722.88661081848,7523.769640731401,11721.709609641035,5674.181910345947,12131.819656239213,22662.780388268362,14024.352116330965
79,2021-07-11,national,4154.162021676846,13709.164433286658,13401.504144908236,1223.4042673340773,24446.812139230013,18151.23267179356,15497.569706761618,9894.784638542493,5002.980352093332,8253.474932434805,27630.278671482105,13837.320169082768,26981.908087412958,26806.766076680422,9177.473914582992,12750.615774437027,5034.202160741738,9350.607981235742,23531.37054182522,14602.035062454705
80,2021-07-18,national,11670.633364122394,11725.53945253991,11554.896175827243,6251.068986943613,25038.973483353016,15655.141201693767,15267.889388951835,11672.586526002098,2929.7527912221085,7759.840331237203,22873.451662474992,9552.62347831798,24119.474852245206,24227.91898367661,11762.118608450284,10907.469749153895,5499.393084693223,11965.85846077982,23526.232254122522,14650.538892065984
81,2021-07-25,national,12154.457110907742,9177.729438524366,9127.370663133399,6675.98128544769,24927.040048550698,11847.77331574592,15766.36395485729,12418.106071090031,9782.122749363909,7100.894052678619,17816.900219780393,15587.33219051665,23804.518155099315,25543.71487907257,7554.237058738242,9223.64018167737,5822.55584509189,12569.946764757315,21948.876063416246,14648.318054734975
82,2021-08-01,national,12294.963786678805,6906.3261504991315,6735.660542825465,5179.015299326834,25266.80134365429,8324.408530832963,15802.76707416918,12862.013313970447,10459.677808571294,6938.26383010757,13884.74138383696,16336.174683716432,21827.60132973737,25764.259855588,4356.352852817805,7372.995357681944,6028.580143117534,13069.552431470891,21941.642897396097,14907.771941171375
83,2021-08-08,national,9642.373664426708,4973.200765092087,5860.94667706723,5379.847839451772,25392.05831813589,5485.552423990702,16083.392514168709,9987.434600157509,10467.376131549243,7861.120880632106,21432.657700388292,14999.793176675457,19803.447018238778,25771.60444524011,3256.177991594372,5509.223472303333,5956.667612816098,10495.84472405663,19097.18198063855,14762.016639784106
84,2021-08-15,national,7164.691940750663,3511.442721847122,3925.1351810706096,3658.207991288697,25947.171292984396,3254.8691245697964,16224.603898753081,12288.163758513965,10015.86537293421,7862.087569639335,25343.167227997703,12678.427393449176,15220.428217467532,26146.11814774309,9369.372472795765,3758.5078323577964,5511.017100029131,7562.14816239633,14350.788267516795,14943.858230607395
85,2021-08-22,national,5435.001156408489,2427.2609751098657,2474.6041310618175,2353.8603049791245,24866.776849783524,1732.6863048068922,16727.97253907366,12693.240606757043,7407.881315547156,7370.378969909279,27484.311344604583,9942.806267820855,10466.526514008561,26107.28511754245,15580.105763509073,2442.434842259966,4011.641527032446,11472.371668590546,8181.342284541168,11198.786110219864
86,2021-08-29,national,4077.8834360935252,1401.6971056702964,1409.1764992729084,1454.9235256985514,24679.117813203906,902.6118158432961,15919.217399325495,12815.886501602678,4822.2939769303985,6734.843035274114,26560.503560140987,7342.711501043075,6700.354993822408,26069.580786057915,15301.644786538614,5830.977464873863,4530.659908250095,11577.517403917682,3867.7509730704946,13851.205176731308
87,2021-09-05,national,3033.654430697339,288.4301819977675,653.0400788134161,5339.688379692971,25510.719340651645,167.77132659791113,15496.586823694048,9931.142393259763,9119.428072159408,6746.383123683594,28949.261477341846,5104.021486087724,3479.1520787447607,26203.54204339059,18395.01266144443,10846.839423151117,5203.600169328651,12931.664067203737,1609.560506428675,14916.070950912568
88,2021-09-12,national,1429.483589913363,0.0,352.4129257500586,3623.456059189315,25362.692351234185,0.0,16151.941565251076,6756.022157994511,9585.507697802637,7035.301519205225,29283.229550907046,3422.250375810598,2094.2390648199266,23260.019210030343,18264.240137442896,10581.095100513101,4571.661913377853,12477.093762481367,611.0932764914684,15117.299820785327
89,2021-09-19,national,618.5572660191418,0.0,218.41511713669883,3132.9846248749577,25158.081916844967,0.0,16179.420347916272,11107.113465302988,10169.067615990465,7526.02991080391,29810.907316918743,2089.1908019241555,824.2984839877186,25259.454650090363,19039.403223687295,11252.089299269024,3623.117884717142,12971.629346794689,221.44541023879833,15209.524941058316
90,2021-09-26,national,0.0,0.0,135.01711013916173,1982.1124109386822,24918.27764550293,0.0,16002.119956961684,12522.102689881303,10193.10878200082,7167.666176254102,28941.31715342868,1231.9108763510155,293.65371612441123,25304.65922576815,20567.905867708112,11042.222451698499,2433.1870863494655,12700.948587342686,54.358819915381055,11549.478503288161
91,2021-10-03,national,0.0,0.0,0.0,6653.416591523446,24053.164917000475,0.0,15767.204282873088,12666.27131439248,10088.99502747656,6976.97395269903,28789.33735214743,713.1272873465033,0.0,26176.626372268573,20461.895906309433,9136.036982029764,5020.039278047942,10035.41109703946,9.872107894891014,7407.245171251511
92,2021-10-10,national,0.0,0.0,0.0,8396.98053381798,23717.035902132535,0.0,15040.550896921432,13029.57490384592,10428.902034819768,7295.069277547838,29780.882790357056,410.1607501663945,0.0,23195.08906071059,20897.315323985527,8032.3941882432555,3561.6286906924256,7101.484410035098,0.0,13665.481900797377
93,2021-10-17,national,0.0,0.0,0.0,9116.576414465157,23921.665789599854,0.0,14656.653985136736,12849.15634956626,10360.275668289763,7081.677609346993,25270.25010201271,235.02488739160663,0.0,25481.350730923517,21309.401029619574,6281.443969690091,2393.0309464364627,4496.949084509283,0.0,14984.843319880956
94,2021-10-24,national,0.0,1576.1378301617112,0.0,9176.876941177014,24512.19464032078,0.0,14747.846146002894,13112.624202477566,10494.462086873944,7148.6594307105115,20488.531485026095,134.38032721931893,0.0,26029.334293808926,21277.694688217867,4682.056720793485,5099.389554397348,2601.538997171873,0.0,14847.920910617615
95,2021-10-31,national,0.0,8726.170049446191,0.0,7708.946483914676,25093.58185405674,2183.1637023377866,15288.069995083031,13263.181910849173,7961.016346898017,7143.415744689086,16275.46484872292,76.73958807635827,0.0,25948.17753944329,20719.32725439851,10795.795841525276,5491.127508276426,1381.8423979733066,0.0,14791.010514846414
96,2021-11-07,national,11911.171183627017,15158.67488144888,0.0,8410.25648728574,25893.476040486898,1318.262082136311,15927.308523026637,13286.704356827602,9316.6865655527,6946.085298418538,13230.67596311668,429.449456899501,0.0,26453.601869333223,20299.572534355815,10643.819188398544,6692.0979224326775,692.5227676527281,0.0,14974.614251466854
97,2021-11-14,national,26147.835940910612,15955.271870088432,4866.330121044954,6711.176785310827,26084.442326581266,785.3780203596865,16741.011794990864,10533.579664992585,9868.074749365936,7557.257194112153,11098.884279476628,4731.494394230969,0.0,23638.021526117773,19863.484369263715,10461.691481074884,6428.074397624012,10555.946584771742,0.0,11238.380976175073
98,2021-11-21,national,30752.184615257527,17348.01285270085,10057.549172489893,8395.13759532003,26153.57956710367,464.0846545115068,17029.331602792754,12118.697149022732,10034.579833827765,7044.363388077621,28757.159529718483,24457.085677517523,885.925699311905,25005.657104741393,19488.1894510878,12882.542730944866,5917.440333314696,9808.655112469363,7508.339187904479,14137.135955128108
99,2021-11-28,national,33980.78540916662,17713.10017252732,12915.4193407754,7894.841121109598,26608.467753330522,272.88780733152913,17127.77754154745,12622.824957380328,10380.586150302193,6519.2903463708,29104.537537872737,28454.248743507127,12859.508967570291,25337.651512595367,20167.42302223977,13974.912059920594,6020.3080277728905,6879.920922565958,7422.768874543723,15112.624945314312
100,2021-12-05,national,35593.60170963192,17086.615129939553,12385.452814106382,5856.854435801204,26091.232011276767,159.99542130892831,17522.96583023348,12785.385166522665,10513.290652173257,4587.256010336931,30146.13753591885,31380.32693710117,8945.041819945534,26296.339899976112,19855.01493603001,14862.787510251297,5829.441939487208,12372.493679582838,10186.321439407171,14745.340992138134
101,2021-12-12,national,36652.64204048581,18222.679388898185,13625.911964090265,7840.547265550199,26598.593994815394,11936.150371899605,17069.164731679248,13217.100939262396,7983.280282313631,4876.369140760948,26029.53399933003,32142.355259933298,21526.249127814976,23384.239851865947,18993.54141737794,14945.51522344427,4272.501336056642,12610.70973120826,5118.842908779319,10941.677498799843
102,2021-12-19,national,38081.98406278314,17520.820533420403,12279.558888928364,8856.709904427413,26276.794012691684,19662.158676250747,17408.28576111788,13397.918163363829,5336.993955458797,3219.9236208823368,29566.282910942387,32706.226720136157,17296.995700925396,25620.434199411102,18492.929925274442,14994.3302066784,4254.356683116042,9924.944083495082,2245.387095283215,13769.304197757507
103,2021-12-26,national,38998.53167570603,16434.69697223472,11708.126364932736,9691.908651983744,25399.281086376053,19498.29126607425,17259.73813213115,13132.087177856953,10104.22228948944,1999.0519792225673,31468.28146042082,32349.06049642866,19390.909691588746,26491.121820988854,19613.802936892644,15571.38868696391,5697.257702930682,12548.150425656086,918.7291308747823,13972.164510587878
104,2022-01-02,national,39760.38325637385,16385.961239153352,13924.2821612235,9646.850144736785,25303.945549980555,21651.674199572222,16487.82527790821,10331.845246518342,10696.306170549165,2694.257911063845,33721.67770119536,32550.740624705577,23713.383493900088,23695.1486768664,20184.13688361639,15462.428701917574,6654.084753544187,12050.534756049077,364.5938281463188,14463.520719728756
105,2022-01-09,national,39748.15383844109,14256.90720064106,13321.34694071708,9248.971194711885,24657.86157645787,21113.669421146125,16201.719617706885,12545.486853367896,8202.838684958084,1637.084699169384,33510.934879046974,32514.095354808855,25146.662227656092,25350.621338387187,20035.59801225408,14632.16385278586,6332.718384441567,12121.730904000235,142.89085308541286,10586.774745711906
106,2022-01-16,national,39026.49987207964,12538.827455860983,12302.341491911027,9377.30053358319,23388.570277074123,19851.519813870516,15617.989657269463,12726.382977392592,10123.836480584012,4272.485897703139,34939.279730476446,32204.039937318164,27005.67552140121,26353.033991892906,19905.03977489473,12953.883950600808,6719.120361766629,13012.040004410626,3441.835596629511,6522.820958292546
107,2022-01-23,national,37887.80649440017,9844.812059611451,11012.4682388122,9470.573540969452,24707.492620940004,17826.76132871718,14559.278967567812,12826.260022663002,10460.187533134438,2759.6290097381143,36032.29136154119,31375.034385960458,24861.20722048566,25750.63195323229,19536.10492354038,13839.368758417986,6663.417515763295,13210.060584701738,1447.356217246292,3443.803134816046
108,2022-01-30,national,36189.355348675825,7376.910701613209,10787.290971060536,9583.496314756194,25614.493211089168,14253.604196093498,15403.593744034628,12476.42542920222,10262.79806618866,1691.06634028853,35980.91762022224,30037.546160304613,22949.341275040515,25841.8301372634,18952.926883570104,13371.498191004857,6892.330082786815,10673.136282003883,5241.1796287995685,13669.984379066944
109,2022-02-06,national,33410.208917020784,4998.642275909462,8411.677488376608,8950.829629968437,25559.194776710847,10549.620753714094,16346.131094452016,9511.019738367244,10308.374258507056,3067.5796756697937,36581.520251247726,27377.523176540773,18794.931819628506,25806.063044364902,18534.691749568505,11494.17250601331,6030.863973279813,11985.370271062773,6160.10942095784,14567.832946447808
110,2022-02-13,national,29723.746676157498,3261.1793361550012,6159.644233467585,8865.346339807036,25754.465051484858,7028.920964775827,16478.590508538324,12252.257607697446,9343.483362312832,5332.360990713623,35763.964449584695,23674.15136517999,14398.220461433104,26486.74153977724,16041.705653192717,9442.469245722716,4455.2101882271045,12847.824367596459,5166.01042806767,14747.99510642548
111,2022-02-20,national,24941.215493816377,2014.0134947058407,4261.593642624735,8524.827816427032,26379.452580590474,4390.293496474642,16620.983227133875,12589.987055880778,6675.730305815511,5177.539357541813,35996.76756049048,19203.5114535074,10099.21105793755,23686.10785532148,13670.307652714051,7198.583978108803,4296.093979935312,10214.520488924269,2268.761185797319,10945.331347558758
112,2022-02-27,national,18423.100077467712,792.4566411609795,2638.1766481994596,8335.185156840485,25556.32690875887,2120.613826436961,17156.829562275096,12602.260784454353,9213.063578347943,5102.251912253286,35904.10313782439,14150.760465648496,6246.1446245968955,19567.807075832116,15528.160815903919,5146.113860202757,3713.3076215006818,7275.777359952228,928.8008490859371,6844.058921027844
113,2022-03-06,national,11353.635191513828,427.7898059435764,1574.9932748862716,6284.913754328591,24769.75641554516,891.7738356262494,16529.277195868173,12438.89041394939,10030.056146611998,5025.455980042944,36166.464912903226,9396.046981314907,3332.1650631204243,14406.661198918875,11073.728239079857,5038.714609532564,2502.846217386033,11773.729165544293,368.6750033679404,3659.6396756901163
114,2022-03-13,national,5939.65524937866,0.0,888.8049617084226,4400.267987093825,24307.097786953695,267.06655500514074,15662.458661737946,9466.005358489045,10222.539911401314,3339.1514657142884,36256.152615758416,5649.370498188938,907.0510799714821,24671.513514472234,6929.68832910231,4984.833292279794,5318.639628543431,12395.750915527302,143.37402740268848,13826.487562675164
115,2022-03-20,national,2107.0146535264967,0.0,465.8742496939916,7406.980357126897,24043.419234860456,0.0,15042.604046831042,12396.958126093872,9467.600600554244,4652.603900684333,36787.734075414075,3226.3196947857355,365.5741028575507,25493.092673660678,3869.3940085823665,3175.8872453642084,4744.410112497145,12687.182205363764,55.913666136466205,14512.7424646773
116,2022-03-27,national,0.0,0.0,33.66577733398435,9209.966257186486,21682.63602786988,0.0,14785.819741693325,12190.794219024347,9851.63086202416,3049.944367132627,37474.68399591631,1774.7549861422656,0.0,26354.982630074563,5724.367875742958,9381.271410992864,3834.7219676529767,12841.557115066807,19.45412330331242,14736.598433434192
117,2022-04-03,national,0.0,0.0,0.0,10054.773162337506,23191.128601238874,0.0,13121.545069243773,12563.176133139285,9575.361894911359,5322.4705424674785,37566.81312876808,1034.3708006001873,0.0,26256.147038229006,6378.136942329829,7521.072697741365,2599.368630910123,13200.3660622423,5.000863600921613,14393.482921218909
118,2022-04-10,national,0.0,0.0,0.0,9958.90857806183,20439.01717672493,0.0,13946.438479735001,12934.834419751776,9799.109589306434,5608.94609472803,37637.68269494637,597.3040246874367,0.0,26806.17831503473,11396.765751596296,5827.310467102886,4034.3290215705415,11757.093543558438,0.0,14714.410179641412
119,2022-04-17,national,0.0,0.0,0.0,10189.828161615278,22879.77048586911,0.0,12392.01119821263,12828.69434996164,9937.351543191928,6959.2274360569445,37437.065175663265,343.05176386975666,0.0,26264.768754890792,12543.543250364524,4381.072530820406,4323.035079123091,12569.044462541395,0.0,14335.233056293537
120,2022-04-24,national,0.0,1551.7168689720502,0.0,10431.663690350837,20178.1025521492,0.0,13850.863673742151,12836.274351319023,7319.822342956744,6813.847037033377,37448.52275366549,196.4082742948742,0.0,23356.68182979942,15028.050177584335,3212.4098228485013,2987.322365720474,9874.231556351211,0.0,14769.724678449764
121,2022-05-01,national,0.0,9508.439249480263,0.0,10338.137482181639,22601.004524967124,3350.7225661332927,12419.756233874892,13058.864297834032,9847.55321106174,6117.537259481463,35897.34447736049,112.24708920171632,0.0,19122.188979703616,15119.398771538117,5219.701112217071,1965.7661031434347,11069.64034892788,0.0,14848.445138176383
122,2022-05-08,national,14237.763420898711,13956.176053014791,0.0,10425.450762693124,23931.201276348253,12191.65924578602,13723.773959262351,13095.390133918614,10115.135383733263,4239.1071889166415,33171.76523452585,64.08267267951017,0.0,24885.352821901277,17006.410302818924,6660.470180624518,1753.5167929600846,11571.731695551673,0.0,11074.38736392438
123,2022-05-15,national,28171.687373356297,16009.17603394235,4578.782648284503,10831.629552229311,24832.50592077697,18383.8699496692,14941.747827715757,10284.63180770986,10215.519814123421,2735.609092118163,29244.486203676028,13782.150062753184,3535.4928390294813,25605.98040788314,17096.307215108707,10669.190334881274,1099.5167327004312,12175.618315578027,0.0,14596.783803345279
124,2022-05-22,national,33609.75076273047,17326.359600867752,9453.488974938178,10768.887754314379,26516.84357368558,17479.413019965108,15831.734972217162,7103.0394896878415,7635.2288771472,1674.9612918385021,28722.02185042494,23304.943818621156,20756.069315308283,26065.24409637311,12828.664219822273,10958.792499816635,2545.7395762557567,12807.491362903007,0.0,14636.729241959918
125,2022-05-29,national,37985.04962973217,17421.410300095253,10698.288438420377,10540.042506320186,26547.396211360876,16033.963512477114,17296.07689419518,4311.933333786461,5022.088107580759,5913.8432131362015,32832.86707475772,21180.310899714517,26642.02497797943,26167.227374701895,10902.134674357103,11950.122011067764,5020.828291225414,12739.309619703505,0.0,14743.538704405126
126,2022-06-05,national,39500.77624944207,17977.030031384835,12148.516809823464,10434.063351048862,26960.20630246395,14175.285906814957,17550.752885186976,11783.231383473489,2944.0362594258236,6311.592664729732,35205.15064263377,27202.168746272953,27712.83853557108,26342.93126817017,12691.166747881278,11962.982597653334,6088.023081339761,13180.203206113394,0.0,14871.796427494985
127,2022-06-12,national,40426.0601906855,17851.97402649188,11680.146120763935,10294.543817043821,27102.30805257575,10536.790934623405,17884.52947651464,12916.421446361737,10076.06160615679,6503.188855872057,36410.41830898378,28866.380319254993,28611.911045553657,23464.865503300745,16532.943147025562,10076.650565021197,6787.66526413873,13164.59788182477,5603.079854649961,11104.71033792314
128,2022-06-19,national,40546.04470486001,18242.865254995595,11054.699767681981,10454.477218907765,26451.693092415124,7319.218957096976,18057.60407691556,12618.22563402596,10392.156981079423,7437.75739602374,36024.69261248845,30181.217741490967,28990.758284935007,19267.64400340774,14063.014335206353,9917.685423712663,5535.783819017651,12247.335459457634,2488.0159514463307,6989.721993439808
129,2022-06-26,national,40464.77367683658,16710.911660962916,8670.026586279087,10224.121000986335,26467.281628172856,4787.117266462869,17450.3807870218,12823.1383912583,9806.394868762496,7414.844516081158,35947.17583918224,30988.182612994293,27864.435382765278,25039.21274024616,11426.98257553558,12308.330267477291,7016.746961531814,9487.08100745998,3087.1814659616066,13770.365803705245
130,2022-07-03,national,40032.86656685813,14350.775188298163,7007.15801331534,9985.975307133598,26040.99032497187,2863.698158948844,17227.482903614684,13251.478852160464,10194.690741697319,7588.220198427957,35322.21779928332,31502.402997685374,25255.863565319014,25494.530064393948,8384.057079634074,13794.720649207362,7492.111972676832,12375.577274409105,1288.5365572054463,14278.553368112707
131,2022-07-10,national,39680.69109223333,13720.344513196325,4976.067234929258,9316.089593598283,24530.234347046066,1303.6404632944832,16837.06098695959,10488.226650450499,10219.698543529774,7309.095042337328,33977.665412872266,31981.400027742973,25974.12547357327,25083.137574606364,15290.22794897984,15050.450994417017,7851.062230673467,12977.491226031434,17851.03900087939,14899.36271434184
132,2022-07-17,national,39115.35295688786,13188.513739942964,9967.07151683445,8711.321224755966,24748.69981115682,581.7149204917303,15426.187564345246,7309.790579326154,10426.345356816213,6631.819809325056,30871.972288103185,30592.786403256887,26888.647069076076,26230.510076570135,15149.578505706473,15256.5023198312,8451.60299727599,12211.548998342361,18221.59144118589,15046.19208704934
133,2022-07-24,national,37743.62934866425,10512.534336549754,8976.029682339658,8170.555781587737,24987.23705422803,196.2724616051942,15396.249240217943,4479.251187069485,7880.820487146306,6067.119544648141,33349.8104243153,29003.103499920446,26862.3231182891,26458.237125458556,12114.502269736111,14899.579444907715,8780.90813869317,11803.178334585653,12675.855779479592,15051.963938079823
134,2022-07-31,national,36120.75700696016,7889.542500308341,10700.712388677253,7876.717798175213,24366.768312818167,0.0,15676.92601283699,11936.172689585173,5244.183398838821,4873.582519357735,29368.312493616544,27573.0104810981,25966.713967986776,26050.799422583055,17055.750001298024,15419.725430455908,8731.332323412957,12687.893005042275,8561.442224465995,14951.907454769325
135,2022-08-07,national,32903.04255016465,5585.50723996259,9775.164018699452,7337.160162795657,23190.93222084398,0.0,15315.230730562402,12520.687617976067,9506.807218797909,6381.143712883128,24583.984104521478,24934.647952887037,24439.652347989686,25817.754106312557,18447.369230059663,15672.340449250863,8826.309406992204,12846.026570002236,13539.258378913235,14976.955205379907
136,2022-08-14,national,28879.945980687688,3511.8326721855638,7394.754189724916,5329.269968890536,22214.182245137134,0.0,14412.963976222198,12830.233815555424,10234.835096418143,7413.655944708225,26924.642142317178,21358.057544462146,20496.18100683026,25757.869724113414,17296.824684406514,15392.82889896733,8959.397470150774,12245.33938381291,8524.724858633603,15024.923191853628
137,2022-08-21,national,23927.29298224407,2283.583626539845,5305.955978794346,3604.94383225164,20919.11017261089,0.0,13482.083301489944,13007.937255330731,10049.479079496989,7820.429627572172,22082.185192143523,17125.32362723469,16041.941514757838,22536.847829252063,16910.634767091335,15677.77304565091,8992.90756011282,9486.40900461481,4088.289705538705,11304.496220709536
138,2022-08-28,national,18605.165825672302,1533.1966104373512,3632.0665170167144,2292.8834203783595,20728.722277631146,0.0,12494.964038219463,13155.035997447214,10538.917228360513,8753.583512929232,28048.238839470956,12640.61854305842,11737.67889398209,17988.31493010465,15563.09884765265,16023.71150877301,8943.367945511633,12375.088496503522,1748.148120383436,7175.535831705904
139,2022-09-04,national,12413.130446150188,754.2744984812056,2403.602802384648,6308.892815099519,18809.14446893677,0.0,12254.312792233963,10362.841257107606,10249.887612171637,9029.500821726055,23471.67760017276,8366.535869714975,7553.710501990295,12757.197106265034,11123.236980677098,15950.689186380961,9049.775695616667,12692.060324941676,691.4258517307071,14346.518258552149
140,2022-09-11,national,6406.903541182479,13.144895569991434,1428.4441265913308,7721.415290099268,16154.697070791499,0.0,11031.609392817574,7183.474711997795,10189.58704842688,9355.621011647705,17941.245626145934,5518.677948349216,4079.553118588012,25253.1177724428,7004.462109368631,15533.398212446398,9174.354571807384,11485.068874937953,259.9711703445759,14503.38170977402
141,2022-09-18,national,2946.1048032192484,0.0,856.772583874439,9175.324647490428,13015.485771435717,0.0,9370.977149810247,12393.84943499348,7605.741888306369,9607.662812670198,11751.629098215926,3428.662733297436,1759.868633624524,25447.026429974652,3979.863117273108,14040.593201556867,9169.942504979266,12069.617885269223,100.62372984078667,14873.03082797502
142,2022-09-25,national,0.0,0.0,303.24502289554636,9476.633540212317,20042.890741713923,0.0,7525.230570567646,12066.42786759577,9422.370716193214,10003.687597878294,9670.36159643261,1979.3177906701542,548.9300282366302,22070.446473188014,2032.443516589072,12226.914443893627,8979.87318476374,12537.568937258755,37.82303756141636,14994.6411343144
143,2022-10-02,national,0.0,0.0,0.0,9023.09330177917,22075.920929279742,0.0,11582.180436523764,12791.962963007372,10091.546775655426,10069.372690019025,22602.76130202876,1148.8216420170704,0.0,17397.22082894266,3144.9203521721815,10175.4315044,8851.654233242358,12316.342484495743,3.4881527820510017,14810.33675434421
144,2022-10-09,national,0.0,0.0,0.0,8941.852463684356,24005.37564570122,0.0,13463.039539024288,12868.537548102848,10089.645027629584,10015.779470780953,29455.07806430497,664.340285781585,0.0,23864.687555759596,12854.079350307667,8089.85314627579,8495.109466676173,9568.806907764434,0.0,11025.178132848338
145,2022-10-16,national,0.0,0.0,0.0,9450.724760943514,24425.866336882253,0.0,15031.370895345752,12706.202518261663,10347.343987466409,9975.757427705023,32778.08014475619,381.86967949379977,0.0,25794.32868787762,13542.944856985805,5870.770417175406,8289.597857211169,11682.5808806845,0.0,13720.603779215015
146,2022-10-23,national,0.0,0.0,0.0,10503.820678735277,24221.254163971396,0.0,15509.425466797846,9792.944354497882,7787.845878304626,10064.386715411698,32630.200643322794,218.737520800189,0.0,26378.394116822514,12139.058136812864,10026.724151146014,8566.642258793709,12822.972886971567,0.0,14828.720263108164
147,2022-10-30,national,0.0,4583.575893751546,0.0,10486.78191917261,23735.68609579716,2625.2747968577646,15360.982724975569,11978.299167782121,9847.485365892135,10188.87247396131,32638.816990544896,125.0426027190249,0.0,26550.783848947613,7877.279388562144,7849.400663842816,8394.300746843619,12639.54841728781,0.0,14889.209543076751
148,2022-11-06,national,14001.347743050968,7857.600668171654,0.0,9938.84944582203,22050.33522901936,8407.781098995629,14889.066859730363,12245.066626314583,10067.943096848247,9995.861635653166,34107.32273643447,71.39896003598435,0.0,26358.99758019538,4579.009498721265,10314.805903245227,8303.181381189328,12531.214831832722,0.0,14907.816363693959
149,2022-11-13,national,30592.19073877723,5793.289372213265,0.0,9831.520228970277,22122.840402407943,14229.418879142411,13585.023111098235,12639.043241478776,10391.902656410122,10008.572181111536,30619.05603494603,12831.350151430763,0.0,26203.056281866833,2463.090474765564,12785.887998769318,8392.801569843983,12845.665686152455,0.0,14228.416769583211
150,2022-11-20,national,36143.84421424881,14395.806794427841,0.0,10276.480957376312,22791.302943471055,19968.81498047165,13306.706827532664,12907.77049041383,10178.293838959016,10008.599388058441,34609.42103874782,22570.29218437571,4948.632444210576,26254.735636025656,1264.3806324720563,13184.461346683518,8640.30511801789,10212.34639016934,7361.401219632558,10296.760023287998
151,2022-11-27,national,39019.8254985241,14431.32788597339,0.0,8976.447542668,23031.124881828673,22248.03441313081,14010.536341841682,12730.079631123523,9967.977931775295,9876.73121825229,34657.444731267475,24223.219735498784,13343.065327118655,26462.383116263405,627.8586652075646,11378.199308155932,8665.264451562454,7272.879661238095,10038.341653081749,6269.863787186869
152,2022-12-04,national,39957.13969188181,18355.006419690137,0.0,8923.792568436125,22927.37417609066,23735.01694579474,14453.119993766764,12621.781812474195,9383.212071044984,9444.33566126404,35937.06718225407,27933.032083858438,9351.487176004475,23654.284044252392,10061.734570531433,13017.022340696312,8858.942822058327,4644.119451066915,16395.276913505844,13981.7024582717
153,2022-12-11,national,40227.53727289308,19619.40142805908,8108.980670553922,7782.4700618795,22141.280931924128,23522.027922855672,14676.978760076876,9689.080070044956,10533.179121345707,9411.399974987151,36151.42939520807,28528.1875958943,21651.619795111746,19464.215607504546,6161.214081861322,14015.111588642614,8806.287627673733,11741.480924528423,18541.30591382342,14685.14676502816
154,2022-12-18,national,40096.803475425804,19861.330383718145,5913.353092597554,8772.176661462667,22074.194157907736,23447.578658055834,14042.55301717896,6527.374654446776,8007.235377850467,9509.983211835755,34445.653327674554,30784.862382013784,18821.69861334649,24033.146208607726,10686.41012359078,14233.508962020353,8881.739518144599,12368.443109333755,21123.960366318763,14960.364536849089
155,2022-12-25,national,39732.328791433865,19558.324807222045,9020.967627263608,6720.691878922575,19193.6857803115,23539.430690072564,13711.75012881597,11595.294137046752,5359.209364765019,9370.362280508227,35610.119243994195,32190.142443704768,23293.061668377348,25253.812889467616,6670.125688418979,14612.976457863524,8676.548501357094,12130.606070463355,21735.31479419183,14604.237837828116
156,2023-01-01,national,39553.35620106967,19497.43439608092,11668.501178799812,4778.510437150112,16010.441331956605,23664.72986608881,11905.710965945516,12663.859501306157,9696.014203144814,9448.494105548065,36366.97483722936,32605.557452456298,26184.882739122546,26009.240062051304,15449.154009743377,12955.973814051458,8920.113874614668,9349.059136081592,21956.646081272404,15036.992761281987
157,2023-01-08,national,39310.80232339315,18863.943049226593,13985.380157203614,7524.747395904417,15662.008325187979,23630.354083985396,9612.385028976452,12591.153717703097,10388.86520882058,9482.839966206793,35653.889633771054,32452.77458549834,25688.43666438098,22934.226941603476,11021.130906756434,13852.956044762315,8849.288335527935,10834.664801245846,22134.65420436249,15068.027189780365
158,2023-01-15,national,37738.87132587691,17048.677306459587,12683.745696071948,8363.685968494621,15071.109569195443,23266.358856066978,8995.9559815657,12919.067784549929,10166.045475884119,9165.519609868517,36064.21173607259,32455.416461213095,25687.244299574435,24879.911783867312,10930.735379360807,12683.578137391269,8461.798526409924,10605.7566061578,20654.050027818786,15136.617548617209
159,2023-01-22,national,35302.45695648714,14701.97405271373,12052.759492410369,8935.515905013752,17348.32940913648,22085.236255054802,8831.388712146381,10059.873995939988,10180.68974506631,9049.597966148222,35926.92234284345,32028.627975821648,24512.56064395642,25962.527998563895,12423.024402283858,11491.880404245967,8178.852932936847,12083.75284143849,18168.878872701458,15098.563399742543
160,2023-01-29,national,32294.721558817713,11971.159423785199,10656.681936261055,9580.417294979876,22451.863848989266,19284.292195344246,10246.316780442536,12067.057705192392,7595.338168416027,8936.70848564853,34969.278257212914,31399.079743700957,20809.164622777065,26453.9917711768,10735.323983093487,13919.504267231514,7680.02294118663,9296.816948893698,16928.84291618046,11401.665798820253
161,2023-02-05,national,28104.772539854283,9129.258253701788,8237.085351647658,9669.449692243363,23266.422351332792,15793.077056841295,13634.699619851723,12955.275931069751,9518.239380363626,9186.450500835013,31892.298673377507,29987.07739533104,18059.017162073753,26552.989355589973,14770.516535428851,13896.241595632686,6676.296381977101,6386.5744036614005,17047.769641403294,14367.53769417085
162,2023-02-12,national,23164.10249450559,6449.70974717442,6024.344608768053,9357.72428010234,25444.5151947705,11909.396114938854,14578.237946648831,12878.956483098544,10106.894351092822,9034.779086241817,30429.69369165549,27885.314042419213,13632.244325096104,26556.10231849096,16259.028431827752,15706.73422286525,6778.892421405835,12257.521952367846,13566.043052970137,14918.787022827615
163,2023-02-19,national,17733.00295629418,4189.578273383393,4157.075007688449,8927.506420466994,25811.101610494956,8107.490851697845,16278.158654762585,13068.6369820009,7511.275917047772,8686.677632783336,30799.16587993716,24911.130630392145,9233.869329736,23804.917260294427,15328.007566371654,16195.01369708362,6632.3438712443585,12444.192858910046,7540.498064248742,11165.68010972524
164,2023-02-26,national,11166.52392234875,2115.0207570387934,2669.552004379712,9613.92010435988,26352.142477042424,4817.537471196188,16749.399903685782,13152.55718590152,10095.194191830802,8441.24311412952,33766.348602261096,21057.788238564575,5323.413146667505,19677.088976744002,14481.694366314547,16901.40000435272,5866.699675617034,12764.447512560204,3505.342346201029,14289.047185797946
165,2023-03-05,national,3723.4922519349034,575.3647868025291,1393.7044103886542,9248.975035603886,26880.73455302134,2316.055576140301,17209.08757698544,13181.525669691824,10047.619038397143,9028.2613624612,30200.715626007524,16654.35825409978,2849.779033285115,25081.933495940255,10039.484482265234,16867.017953024137,5461.031132276474,13072.916120880049,1455.722152611198,14641.375107534457
166,2023-03-12,national,1496.1420509731377,123.83520012930748,780.1867531655371,9223.697694328726,26639.82583508953,699.6830992451817,17720.81944308847,13189.966543286113,10458.868853515105,8218.925265219194,25593.30282523579,12038.426994361591,1112.4510001854367,25923.36719894155,17346.459108288363,17059.047054510083,3935.1832609290286,11254.978568595674,570.7382367133022,14630.759975763956
167,2023-03-19,national,737.53316860864,0.0,284.4332409605199,9006.576753622932,26338.77985273415,0.0,17537.40489069767,13406.564787332154,10434.574787804939,8635.585114864694,20683.777697566158,8061.262075349261,295.12696909894083,26611.05179357326,15267.553203189591,16848.01612220853,2665.260501771323,9739.902347393672,216.26107936402738,14873.792280339834
168,2023-03-26,national,0.0,0.0,0.0,7534.423905432139,26599.21157305171,0.0,17160.50102947132,10691.47149938409,10310.122674422773,8316.550662997925,16659.486931874213,4999.374197038468,171.82898899630234,23889.48513126644,15731.502961463364,16464.347790951284,1716.1957371694625,11722.839643261585,74.35659578117371,14716.238473164509
169,2023-04-02,national,0.0,0.0,0.0,5515.1104374132465,26221.382922851273,0.0,17314.187226806447,7514.058424583069,10024.20867563453,8921.38847736945,11998.741853191399,3037.411925341598,0.0,26262.98122881005,14055.261680900028,16487.680404473045,1069.8486105826757,8882.630883483922,15.019747374955264,10904.586421998569
170,2023-04-09,national,0.0,0.0,0.0,3760.1328409296,26185.26016338558,0.0,16989.606041286563,12710.206260143788,10037.436281510609,9052.344936859483,22555.92918380697,1798.7962018157846,0.0,26486.405115159017,13290.40333680349,15841.405323251125,621.8993478447926,11432.946663362653,0.0,6806.783017608575
171,2023-04-16,national,0.0,0.0,0.0,7847.046149399533,26618.692324735253,0.0,16903.781934958202,13279.941017100407,10064.864203010828,8854.22604007045,29995.206513378864,1048.6991729856004,0.0,26630.423463858442,8891.33951989744,15281.216228383637,2775.90418891845,12938.950227329415,0.0,3634.9155860181704
172,2023-04-23,national,0.0,0.0,0.0,5809.282745348731,27321.217001848006,0.0,17323.55260017287,12973.576613532154,7463.120910309427,9077.701656128307,28510.242932641766,605.6859981579325,0.0,26616.746510107074,5281.4286603848595,14585.7971560145,2589.7239013092726,13029.204964774175,0.0,13283.843456066832
173,2023-04-30,national,0.0,0.0,0.0,4001.8784958767324,27702.842850755984,2280.2131169490717,18128.919764728922,10128.724156679486,9870.854446659618,8857.136785697823,35194.43416472243,347.90189388848034,0.0,26679.23192419908,11835.468264045046,13251.803012276228,1674.1709545474978,12410.461782142329,0.0,14143.466537866072
174,2023-05-07,national,3418.650524945866,0.0,0.0,2588.2504525064105,27560.022472378605,14866.180634793143,18656.01119924372,6947.3677801140275,10505.40569312035,8384.463229993564,37075.38291174891,199.19704773289138,0.0,24002.517315601723,15869.981499023905,13783.81779123309,1052.0046443026163,12424.342779220666,0.0,14583.445731156797
175,2023-05-14,national,7065.438120482699,7178.798493753161,3398.5095400795217,1589.8623855324283,27065.19233109501,18903.172212621987,18568.19856992573,11954.931063652433,10397.450315389271,8581.368628146593,37642.0455635557,14319.53390492465,0.0,25246.31484787212,17151.39015909317,12300.4511114183,647.2285934715937,12322.107776786328,0.0,14506.455013413019
176,2023-05-21,national,5356.316822121004,7311.340908746009,2238.23890571355,953.4698970350807,26688.735756936505,20936.93790740838,18023.275481320416,12606.630720183057,7846.557671795854,8916.107040323368,38012.51503255265,22461.686050360302,17882.196008703668,26116.762611383238,18211.899773625173,14570.427588408085,392.8522136860596,9575.168805962923,6472.4424581211815,10639.756686910694
177,2023-05-28,national,15144.403290988814,5345.7871246623545,5122.166192908824,9068.922274615592,26788.504528078527,22978.593248513236,17480.770100573052,12775.660498514682,9083.18039675001,8508.454421423863,38009.00580407551,22708.505793375592,20846.107510910282,26595.51259372957,15115.931110994225,13446.50572319935,5308.845057190152,6655.820816423016,14906.930394676452,6571.4230715374415
178,2023-06-04,national,30120.310790744283,6752.184929209496,10747.411697691085,7811.1145617155335,26834.779919638833,23230.746108035673,17486.294771386914,9879.093230296916,9311.957856971027,8645.976151267912,38265.95784604714,27396.39591071819,23303.151864733813,26429.907747072266,15584.962413607516,15131.405480727397,5952.689081899866,4148.777152042698,16438.195897454207,14627.331302240034
179,2023-06-11,national,32804.368318150904,4895.350988586328,11758.547371634764,5777.383432323882,26307.018142964378,21811.693174771433,17561.22668871569,12433.516624160184,6642.822912256464,8396.391666506352,38389.55886052429,27372.92271310625,25745.26618482753,26312.281492016777,17307.371084785696,14768.139791256377,7440.637091156368,10466.638964611873,21446.059440291923,14326.27089069056
180,2023-06-18,national,30942.344789336345,9233.703597561622,13055.25069832457,7486.76112906395,25773.7596348597,21537.975739810616,17096.8357342423,13012.829091596064,9846.495532221428,8737.734060551824,37939.28605420142,23031.223033640974,27481.399630822012,26439.145945353328,13075.923030948534,15201.919602836528,7179.228923691343,12437.25169556495,22935.21625651945,15028.010709490405
181,2023-06-25,national,28348.633049066237,6954.536221621146,13770.056406610145,8243.295881341764,25497.120775089734,22443.991722984923,16548.440614461157,12951.637585315435,10401.085568697508,8344.674921699807,36950.131981562066,26760.817527765463,28855.877604219637,26690.875479568105,16346.368198276783,14629.254770528589,8030.712988132394,9713.276295237367,22165.010904831248,11308.59673508507
182,2023-07-02,national,24837.379993661067,11620.004164578462,13517.892864723772,7282.414585443571,25048.702662894117,21912.87550775116,16259.662910014058,12863.68123019523,7850.735202942953,7989.09621121905,36447.73353117457,26691.376398708227,29755.696438349936,24039.246780439265,17541.57522803944,14255.765342690802,7721.2101043168195,6782.459427464427,22478.182972581526,14239.666739264709
183,2023-07-09,national,31850.616487174382,9070.854369272927,12421.706495970007,5889.925845094986,25239.261195462783,20762.159000451673,15941.468275801737,12218.378833924722,9834.70310803554,8244.721341043667,33965.63936317334,27851.653490473578,29865.328600494497,20011.519636464225,17952.06502532189,15684.777188598728,7736.992065431672,4246.811734353014,21915.710826086837,14668.02749770011
184,2023-07-16,national,30026.73368388747,6798.780102959689,13429.062656777854,4075.8046977333333,26097.424715469468,20664.34704871628,16008.269986116786,12969.786442369166,10266.409987586756,7893.405483352334,35483.8161129417,29371.79365321137,29721.521524767275,24595.63332460668,16362.321303291505,16490.397819197595,6269.010259837008,11892.020612861186,16611.397645989557,14459.364926725468
185,2023-07-23,national,30950.700781850745,5306.354232975077,12957.220623405121,6323.326923484161,26322.58956572602,19060.625345914104,16822.054455845006,12729.281357953823,7694.014242543473,8224.311913989339,36009.93367021144,30162.79946183521,29577.66110953876,26085.03592328778,14306.781774107736,16287.018796901628,5722.236475995692,12702.933788211305,20625.376882425808,15154.171043837167
186,2023-07-30,national,29189.393176139703,3730.324039581587,12176.882666503936,6636.894592420368,25661.218021711913,15518.310840545426,17173.88414042531,13005.257855662298,5074.648356869555,8571.527117675281,35403.95736354881,29397.41095332409,29427.298642727357,23051.904954230544,9852.898905133987,16389.027295969743,6668.213184144256,12559.252412661814,20799.799305909528,14912.735707340977
187,2023-08-06,national,25134.179569692544,2586.696311172462,11025.169719004398,4711.6950390628135,26226.079256827194,11783.012083982434,16649.792272478408,10169.13610563167,9807.565186130512,8700.30636697519,37476.39738683863,26337.4875212438,28542.16417759643,18659.51613959327,5976.564670304499,16429.907914118055,6612.714411484022,13226.598604357168,19696.186954937904,11157.844115110149
188,2023-08-13,national,21340.84492339096,1610.4686580627192,8579.009196454463,7750.068824821487,26110.940198212735,8181.681171298084,16971.66425240873,12485.449365418686,9926.28489479639,7877.932873396336,37723.3719919439,21780.14201489545,26262.042861372607,25925.64174809045,14957.370041109036,16726.938628770917,5000.587395018553,12270.16238841016,16354.67719141021,7038.544746358365
189,2023-08-20,national,17687.1354550452,1083.6273355153387,6256.580018135852,5719.829879899503,26878.62064511591,4980.89115194213,16917.00245887988,12912.104464597332,10068.271291817608,6130.189598308561,37823.83223795022,16357.469616496503,22887.71357448288,26354.735100739035,16870.434202936733,15860.833830422935,5349.710822729255,9515.767267186726,9982.344054099807,3789.7014844507803
190,2023-08-27,national,14382.811642243334,190.19222221861864,4302.025463438402,3933.2244442692863,27400.269710662033,2792.161110062457,17623.782792692768,10050.97812532144,10324.218154282597,5503.050227846645,38325.700573830305,11141.371040250287,18375.65981754329,26357.407035322954,12799.159782054214,15662.438875964162,3840.3672670296137,11982.393008000363,4971.2698595574875,1822.349806790733
191,2023-09-03,national,8523.122710232277,125.48098747540426,2835.259412295457,9102.879201338566,27229.759351476972,1451.963530115698,18258.635749757377,11986.983848654085,10418.75912158828,3719.4669643329385,38342.14001801403,6777.032829848499,13268.612064055596,26441.824520099915,8428.271506066098,14152.321032153326,2592.49121305664,11561.989678031629,2155.7129660206747,817.216160511236
192,2023-09-10,national,5892.793544078078,82.71377830748328,1625.3942720815419,9888.991930612978,26766.28387629459,411.5320087981109,18172.28436849895,12192.23494145996,10465.264966004836,2350.9990933623917,38232.40943061129,3527.1829000877747,8375.432042371365,26555.077147680222,15072.98696572153,13187.88708222703,6222.522209000344,12012.583708829272,880.1912095070131,13919.613827861796
193,2023-09-17,national,1993.0824509368802,0.0,852.343300880425,10111.651147137543,26938.901094168312,0.0,17672.21366445166,9171.471012022377,7926.706210273505,2016.3740151997495,37278.33226213847,1424.8122140399132,4264.238176533345,26328.1808657612,17132.422718095688,11254.577617717123,6120.113639096693,13183.186034653863,323.9235196997542,14291.772521557814
194,2023-09-24,national,0.0,0.0,349.5845777577045,9063.884881898963,26506.815909682107,0.0,17700.16402035516,6043.009508236481,10051.14569588984,1183.1107053719538,36731.64555029048,478.090474368662,1246.3508816727656,26165.133684205823,18816.714033397486,12991.583957860797,5340.666770724478,12992.997766464981,103.12963691929912,14501.978431093346
195,2023-10-01,national,0.0,0.0,0.0,9361.309930591986,26704.65510364079,0.0,17276.20607205946,12102.313484533943,10133.722224884947,4904.1173226533165,35181.38897945266,236.02460840811742,49.54691754182616,23199.55998052094,16866.787024479596,10993.56990805264,6107.0011812228295,12684.128735566788,21.638965767199206,14843.196689755814
196,2023-10-08,national,0.0,0.0,0.0,7434.739661768057,26340.093814459164,0.0,17395.09631802403,12302.430927635984,7541.515363029977,5511.3723491856545,31946.859169552776,134.953600204713,0.0,25017.274321166566,17169.666429076115,13119.056272367252,7359.043136601767,12317.075080992949,0.0,14850.148539562477
197,2023-10-15,national,0.0,0.0,0.0,6773.4997653891705,25138.728315000837,0.0,17087.017749844494,12461.874562724668,9786.598862660421,3730.656455852249,29101.145676818458,77.06750641357672,0.0,25899.180090676215,17686.240691137617,14843.419978462523,7698.662028708637,9571.422272951493,0.0,14661.698220060509
198,2023-10-22,national,0.0,0.0,0.0,4831.567192533703,25284.19565491895,0.0,15994.448985212148,13006.62052451175,10237.972977563988,2363.504837635822,23443.92333706763,43.9793660897747,0.0,26706.934365110974,20606.5625302842,13194.951550862275,7863.480541612683,6645.842876424543,0.0,14650.656774349252
199,2023-10-29,national,0.0,0.0,0.0,3210.7260453867048,25834.945083665312,0.0,15919.765207307202,12900.474774329703,10730.384200590106,3178.255941333317,17767.016320244507,25.087073116610846,0.0,26617.302620074795,21112.56464902725,12652.12163365803,7966.877715426268,10765.257126998908,0.0,10821.794534312628
200,2023-11-05,national,6059.062593380415,10313.84291784993,0.0,8065.877081317756,26631.270235144362,5965.122788064478,16481.734528353594,12771.723422262032,10065.616631439176,1976.0929838952557,12753.441662313093,14.307053766636766,0.0,26290.98815830277,21609.43731097103,10767.808354302195,7558.866636029546,11999.177559467433,0.0,6732.1677473407035
201,2023-11-12,national,18312.10054784019,7901.682853141309,5600.150952805161,6018.831849818319,25229.555963875377,12794.623355782109,17354.17103302143,9875.961066673886,10250.615374164103,6039.747200786601,10151.601790017905,10972.043455567848,0.0,25983.947312883483,20930.297826167687,10246.644610297268,7400.07883562584,9194.298320162894,0.0,3582.37583277766
202,2023-11-19,national,28812.811221303546,5829.728944097623,11205.387597772104,6445.072732930447,25240.769798595345,13974.430338786276,16372.31065115424,12667.262043796845,10167.452056496311,6810.568015766494,30558.736009573477,20635.81689809667,17087.287303773675,25914.16724856293,20565.452145512278,9719.429443235298,7115.925136320103,6291.322110617531,3303.60967545128,13093.621963885687
203,2023-11-26,national,32731.723388977913,7836.760189063071,12924.277733647732,4580.06900930155,23974.97681020242,12093.606046363991,16031.085657275298,12828.652852829706,9922.870469680887,5990.854499365869,26157.84699996043,22124.778617301894,23335.369176347518,22807.86340548219,21173.05213692981,7841.694914298608,5909.530141891818,3870.1193381053768,1386.0289633666787,14499.020134848126
204,2023-12-03,national,32824.444903615855,13002.248409907437,13224.774021035366,3034.6004050746965,21483.8927955598,9729.765902024837,14982.902848975715,12952.85140848976,7303.966572762187,4129.79768865458,21767.464679075754,21165.771468581064,27263.569150472413,18338.54093616555,21668.559626913884,5785.695570947589,6893.322951105438,9094.764209580113,555.9346591434709,10630.422241362947
205,2023-12-10,national,32866.113418081564,16728.63115404396,14285.305013379884,8990.848214060077,19048.429816643256,14588.717352565298,12915.507754100387,10102.722282919718,9578.46210294887,5436.885676715202,18023.770942463136,24462.93055563417,28936.96890787133,24713.37105809126,20718.22339802051,3591.936389872354,7130.87475848219,11882.316230019334,218.81900269312194,13858.31609749113
206,2023-12-17,national,33929.78074099068,14274.40894510229,15107.03019745646,9225.289904247258,16411.18366840765,16133.547035049969,10653.442356490214,6921.747011607247,9964.348495663806,5097.441354781024,17816.549451897692,20093.892017490325,29737.451359361472,25410.96768330223,20819.926610384056,10718.410913305748,6796.993269617727,9064.090646462986,85.47985089139065,14045.787144256836
207,2023-12-24,national,35032.17306735794,11672.150276304774,14699.711590154371,8071.580671414282,12304.145180502903,12462.528087334395,8713.111952978139,11444.033942027703,10102.471988174348,5884.514686849239,13010.993408515487,26453.161702548132,29715.133279295398,26251.229225966556,20307.892747157643,13135.303640109805,6559.464897190251,6173.961127689195,33.29284772188218,14986.483212138171
